experiment,model,trial_number,mae,mape,training_time,prediction_time,evaluation_time,n_estimators,max_depth,learning_rate,subsample,colsample_bylevel,l2_leaf_reg,random_strength,bagging_temperature,border_count,min_data_in_leaf,num_leaves,colsample_bytree,min_child_samples,min_split_gain,reg_alpha,reg_lambda,colsample_bynode,min_child_weight,gamma
tuning_catboost,CatBoostRegressor,0,27.543413875990222,0.13349586809124275,19.77339589999756,0.009913980000419542,0.0011469400022178888,400,12,0.1205712628744377,0.8394633936788146,0.6624074561769746,0.004207053950287938,0.5808361216819946,8.661761457749352,255.0,42.0,,,,,,,,,
tuning_catboost,CatBoostRegressor,1,30.202287737875935,0.14742936903743917,0.9792399400030263,0.004392360005294904,0.0009396000008564442,300,4,0.018659959624904916,0.7216968971838151,0.8099025726528951,0.05342937261279776,2.9122914019804194,6.118528947223795,255.0,40.0,,,,,,,,,
tuning_catboost,CatBoostRegressor,2,27.57688681734125,0.13214770930087769,0.9485612799937371,0.004113320005126297,0.0009201800043229013,200,8,0.07500118950416987,0.6185801650879991,0.8430179407605753,0.004809461967501573,0.6505159298527952,9.488855372533333,32.0,35.0,,,,,,,,,
tuning_catboost,CatBoostRegressor,3,28.060182523734863,0.13434682797642716,1.4746738000016193,0.00568166000302881,0.0010549799946602434,500,4,0.05388108577817234,0.6137554084460873,0.9637281608315128,0.010842262717330166,6.62522284353982,3.1171107608941098,255.0,39.0,,,,,,,,,
tuning_catboost,CatBoostRegressor,4,27.18538963802405,0.13180479970863876,17.28431262000813,0.012723020010162145,0.0011297399934846908,1000,11,0.0764136186923332,0.9687496940092467,0.6353970008207678,0.006080390190296602,0.45227288910538066,3.2533033076326436,128.0,15.0,,,,,,,,,
tuning_catboost,CatBoostRegressor,5,27.377939806830774,0.1314248248678939,1.6551400600059423,0.005125779990339652,0.0010481399949640036,600,4,0.1530883741573138,0.6298202574719083,0.9947547746402069,1.2273800987852967,1.987156815341724,0.05522117123602399,32.0,4.0,,,,,,,,,
tuning_catboost,CatBoostRegressor,6,27.320947184486833,0.13090200226244572,1.3121763399976771,0.005345239996677265,0.0009957400092389435,400,4,0.18832519048593593,0.8493192507310232,0.7323592099410596,0.0017956984225677636,3.109823217156622,3.2518332202674705,128.0,6.0,,,,,,,,,
tuning_catboost,CatBoostRegressor,7,26.968631752772076,0.1298863144416424,9.90455047999858,0.010457019991008565,0.0011154200008604675,800,10,0.06746437142284309,0.9083868719818244,0.7975182385457563,0.12329098365270515,4.275410183585496,0.2541912674409519,128.0,26.0,,,,,,,,,
tuning_catboost,CatBoostRegressor,8,27.370515673847507,0.1311618651907506,3.5359502200037243,0.005954779998864979,0.0010161400015931577,1000,5,0.040381768820718394,0.9022204554172195,0.6915192661966489,0.0020319809838424984,2.8975145291376805,1.6122128725400442,32.0,41.0,,,,,,,,,
tuning_catboost,CatBoostRegressor,9,27.311832173962546,0.13064450518944187,4.022749660006957,0.006367299996782094,0.000921740010380745,200,11,0.06261435181296006,0.922976062065625,0.9584365199693973,0.018707420137660268,1.1005192452767676,2.279351625419417,128.0,26.0,,,,,,,,,
tuning_catboost,CatBoostRegressor,10,28.767782896666766,0.13846888362399068,4.035827060008887,0.007376299996394664,0.0011014800053089856,800,8,0.010260022325256595,0.746697621215042,0.886067844878718,0.5767509177705765,9.597707459454202,5.99945070550957,64.0,25.0,,,,,,,,,
tuning_catboost,CatBoostRegressor,11,26.889056171586628,0.12876884675093167,11.497989939991385,0.011572180001530796,0.0012079999898560346,1000,10,0.030996003951218695,0.9977977909214745,0.6271281071050484,0.2339569776493165,5.421005384063923,0.05263984964719512,128.0,15.0,,,,,,,,,
tuning_catboost,CatBoostRegressor,12,27.015570421139568,0.1290774017112713,7.0312886400031855,0.009398799994960428,0.0011557200050447136,800,9,0.02903677374376258,0.9830229713128368,0.7454663614570831,7.437031163695102,5.553557160065972,0.097656133421515,128.0,17.0,,,,,,,,,
tuning_catboost,CatBoostRegressor,13,27.14687457573021,0.1297833164788269,9.806885979999787,0.010747279995121062,0.0013629799999762327,800,10,0.023012116260617402,0.9981947272895015,0.7510274502707444,0.2333090801666604,7.298348295317013,1.0444233109991563,128.0,50.0,,,,,,,,,
tuning_catboost,CatBoostRegressor,14,28.27825757572275,0.13541066028928167,3.7022145799943247,0.006533179996768013,0.0013272200070787222,900,6,0.01494619983891111,0.9159862754125333,0.8896251144197834,0.08944774558840875,4.806729829532857,1.2417119941039134,64.0,15.0,,,,,,,,,
tuning_catboost,CatBoostRegressor,15,28.94995874291633,0.14228133978871768,8.159401220001746,0.009926979994634166,0.001367539999773726,700,10,0.29402634542861833,0.859449465349085,0.6018960478612356,2.047147040324719,4.583078019147187,4.47704291130379,128.0,25.0,,,,,,,,,
tuning_catboost,CatBoostRegressor,16,27.040704924483293,0.1291933247198505,5.491848100000061,0.006995739997364581,0.0012651799886953085,1000,7,0.033836536873135634,0.9483193271792472,0.7065156005441935,0.317235088999186,8.02790894510869,4.700862094040471,128.0,31.0,,,,,,,,,
tuning_catboost,CatBoostRegressor,17,27.72375631908627,0.13464306002731755,19.050225899997166,0.010664919996634126,0.0012011799961328506,600,12,0.10542862520439392,0.780805404550104,0.7933083720543928,0.043561039694806195,5.7564292614640395,7.461383098062679,128.0,11.0,,,,,,,,,
tuning_catboost,CatBoostRegressor,18,26.88461383450119,0.12892132273391702,5.991434980003396,0.010078480007359758,0.001184659992577508,900,9,0.04349791241836491,0.8814930901774828,0.8704439901788261,0.17054081168129617,3.7136629232113885,2.062563767946152,64.0,20.0,,,,,,,,,
tuning_catboost,CatBoostRegressor,19,26.902540806025748,0.12886127912980413,5.816636759997346,0.010047100007068367,0.0011613200011197477,900,9,0.039728500695158604,0.8027865658694129,0.8924846101791466,4.111834324236507,3.768075849642223,2.3442659557531744,64.0,20.0,,,,,,,,,
tuning_catboost,CatBoostRegressor,20,27.39955626877284,0.13093597400047727,3.945006419997662,0.006459040002664551,0.001086039998335764,900,7,0.02503826693082062,0.6855721815900873,0.864859011196933,0.761491010407934,8.552119515815791,1.4967114371062948,64.0,9.0,,,,,,,,,
tuning_catboost,CatBoostRegressor,21,26.897364453222803,0.12892486070586032,5.699492580001243,0.01027399999438785,0.0011606800020672382,900,9,0.04220390626501364,0.7960825636998833,0.9188430131917131,9.769656942728098,3.6527195364307015,2.680514667633478,64.0,19.0,,,,,,,,,
tuning_catboost,CatBoostRegressor,22,26.945716461054936,0.12922406381800108,4.454293300001882,0.008881140011362731,0.0012429800117388368,700,9,0.04649468612036266,0.8737036695017042,0.9259308962023542,2.7408426692987007,5.717809194736487,3.9993198604236726,64.0,20.0,,,,,,,,,
tuning_catboost,CatBoostRegressor,23,27.27658279175688,0.13033832086376732,5.0286438800045286,0.0059848400007467715,0.0013389399915467947,1000,8,0.0179475874196528,0.7835446648495458,0.9292334108171356,9.829665990051787,2.0973895314538646,2.4100891154981796,64.0,12.0,,,,,,,,,
tuning_catboost,CatBoostRegressor,24,26.959063425064443,0.12916726674535833,5.999455220007803,0.010033220000332221,0.001065280003240332,900,9,0.038023515126298556,0.7305665210437002,0.8254812419198323,0.2909499085236302,3.7282935573752973,0.8147111170351954,64.0,20.0,,,,,,,,,
tuning_catboost,CatBoostRegressor,25,27.10455191011234,0.12979104487923648,8.868699200008995,0.01056989999487996,0.0013414799992460757,700,11,0.02920817065329411,0.8138772874141319,0.7736923728112718,0.02305093919418581,6.944295866368336,1.9900733755976978,64.0,32.0,,,,,,,,,
tuning_catboost,CatBoostRegressor,26,27.785802499109888,0.1328164270827425,8.729864380002255,0.011166220001177863,0.0013498599990271031,900,10,0.01277975923517662,0.8774205185592159,0.8534473849104863,0.14406810142705603,6.315834802960179,5.501164812827425,64.0,21.0,,,,,,,,,
tuning_catboost,CatBoostRegressor,27,28.704684214781935,0.13794111439814177,0.453460279997671,0.0036111800058279187,0.000957260001450777,100,6,0.09199565170062911,0.9616228337948922,0.9193884663243145,1.1609425022826656,1.7887264907968223,3.7644068513833675,64.0,2.0,,,,,,,,,
tuning_catboost,CatBoostRegressor,28,27.345725910008316,0.13054231386961904,5.322016800008714,0.006284359993878752,0.0014356599887833,1000,7,0.02163729380842796,0.8215398129301321,0.9585812355593079,0.4259156537538434,5.18719957139242,0.7126123945931556,255.0,7.0,,,,,,,,,
tuning_catboost,CatBoostRegressor,29,27.473047690980174,0.1325837225654751,6.484297800000059,0.010177220014156774,0.0014603600138798356,500,12,0.053694043615996084,0.7631317828357674,0.6475678242484665,0.062160485723269966,3.942516040641762,7.285146928910763,32.0,13.0,,,,,,,,,
tuning_catboost,CatBoostRegressor,30,27.023027231070763,0.12941799259102305,23.60807446000399,0.010714460007147864,0.0011909000051673502,700,11,0.03174266327274761,0.6876417350588806,0.998739437731572,4.9729942032363335,3.500919456302755,2.8415847195653674,255.0,23.0,,,,,,,,,
tuning_catboost,CatBoostRegressor,31,26.880805796813426,0.12883778468522777,5.85086297999951,0.010375199990812689,0.0021596800128463657,900,9,0.04365514522685164,0.8308017218871029,0.8879587004987706,4.109760708632801,2.4513167881441564,2.01014116678207,64.0,17.0,,,,,,,,,
tuning_catboost,CatBoostRegressor,32,26.856074898148712,0.1288024823859651,5.924690319999354,0.009946420002961531,0.001290620007785037,900,9,0.047428446181337715,0.8280996951181101,0.8774493175265705,2.0690242850630445,2.4037435378056737,1.7503453025393332,64.0,17.0,,,,,,,,,
tuning_catboost,CatBoostRegressor,33,26.903067206652548,0.12873895854593245,4.327003039990086,0.006278520001797005,0.001231939997524023,800,8,0.050357457098272745,0.8348565666357115,0.8306465046080204,1.9885253165649905,2.609631541037845,1.8726690084876108,64.0,15.0,,,,,,,,,
tuning_catboost,CatBoostRegressor,34,27.2400279814199,0.13174209268992962,9.96768744000001,0.01250919999438338,0.0012315799947828054,1000,10,0.08712063131223204,0.886900077384694,0.8688883380852154,0.18140852092806325,1.2677254593379281,0.6958050151084949,64.0,29.0,,,,,,,,,
tuning_catboost,CatBoostRegressor,35,26.81201173475073,0.12849378333167094,7.349509960005525,0.006902019999688491,0.0012368600000627339,900,8,0.06093727654412578,0.8358584910764175,0.8124514909021481,0.9850626396512502,2.3406844024900324,1.4277398139871709,255.0,17.0,,,,,,,,,
tuning_catboost,CatBoostRegressor,36,26.786269374038557,0.1284979928068659,6.504534440016141,0.006628999998793006,0.0011340399971231819,800,8,0.07060099708262052,0.8397229552212903,0.8250238441798481,0.9317781998760142,0.028580918273511724,3.629628066095446,255.0,9.0,,,,,,,,,
tuning_catboost,CatBoostRegressor,37,26.93167245713414,0.12967953683393965,4.936722720001126,0.0065789400017820295,0.0010068400006275624,600,8,0.13552363759583316,0.8436473264896194,0.8130024665552837,0.9517110148488166,0.014500117927534362,3.7511088931404775,255.0,11.0,,,,,,,,,
tuning_catboost,CatBoostRegressor,38,27.82312154186004,0.13331122211457686,2.3806543999991847,0.006276379997143522,0.0009773799974936992,800,3,0.061124558834872465,0.8259275282490622,0.7745272459371013,3.5018684762787458,1.2853700313042962,9.716452764893937,255.0,8.0,,,,,,,,,
tuning_catboost,CatBoostRegressor,39,27.105312982681887,0.12954421077743292,2.4668083799944727,0.00538867999566719,0.0012560800008941443,500,6,0.08013888758355561,0.8629374127900509,0.8384802679765312,1.9324420223715268,2.4254404310198483,3.005016588869712,255.0,1.0,,,,,,,,,
tuning_catboost,CatBoostRegressor,40,26.815030632774892,0.1287424067424426,4.38530036000302,0.006574220000766217,0.0010490000073332339,700,7,0.10968553907596705,0.9367574842592146,0.809413210509301,1.3357654750733878,0.7461938034395217,3.4451877456894606,255.0,4.0,,,,,,,,,
tuning_catboost,CatBoostRegressor,41,26.85658304875961,0.1289363671694763,4.2460848399961835,0.006157360004726798,0.0012379599967971445,700,7,0.10892605227774038,0.7679746285063352,0.7955793730134609,1.46957946129338,0.5263468457916094,3.3034880330254355,255.0,4.0,,,,,,,,,
tuning_catboost,CatBoostRegressor,42,26.96785204110376,0.12973244030113887,4.229317399999127,0.006455039989668876,0.0011874800024088473,700,7,0.16394793442132488,0.7005887466035777,0.7806245964963328,0.5208327471218456,0.6161940779072113,4.197017759605921,255.0,4.0,,,,,,,,,
tuning_catboost,CatBoostRegressor,43,26.996036167121268,0.12911961295573596,2.5889169200032485,0.005840999999782071,0.00141672000172548,600,5,0.11438708246891195,0.9331736278191488,0.8048829631591815,1.4551981252485444,0.12244585450119355,3.401328847564305,255.0,5.0,,,,,,,,,
tuning_catboost,CatBoostRegressor,44,26.877134490830468,0.12860806813203735,4.8611243999970615,0.006287500000325963,0.0014114599965978415,800,7,0.06805066397144723,0.7613375859160794,0.8189678633442911,0.7543816485862108,0.911898766909415,4.942623964538061,255.0,3.0,,,,,,,,,
tuning_catboost,CatBoostRegressor,45,26.952786449035937,0.12934711651903386,5.48338311999687,0.0065499600023031235,0.0011996200017165392,700,8,0.10250475774657433,0.6422350931437859,0.8481028241690426,1.3994685140017238,1.687813707452545,5.450835745597027,255.0,9.0,,,,,,,,,
tuning_catboost,CatBoostRegressor,46,27.00620036481289,0.12970224278493692,2.0549179199966603,0.005446239997399971,0.001193020003847778,400,6,0.22439215563012518,0.8981333731754481,0.763267464998703,5.641904447456953,0.5220834623267816,3.506332368207288,255.0,6.0,,,,,,,,,
tuning_catboost,CatBoostRegressor,47,26.987857121385208,0.12936088356650582,3.302155240002321,0.006192260002717376,0.0012015999935101717,800,5,0.13229321127868285,0.7320498822773409,0.7212371052833857,2.4419950698497868,1.4779015845811185,2.689740436624817,255.0,10.0,,,,,,,,,
tuning_catboost,CatBoostRegressor,48,26.844631510690743,0.12859075317415197,4.955143719993066,0.005899060005322099,0.001260979997459799,600,8,0.07325901416753564,0.8509352799906712,0.7911107962492617,0.39990323237505554,0.8785082038031917,1.4225387267515028,255.0,1.0,,,,,,,,,
tuning_catboost,CatBoostRegressor,49,27.193594596137007,0.13044569226864894,2.153626759996405,0.005808919994160533,0.0013096599956043064,400,8,0.0777360988644126,0.8598208143258511,0.6869875554004716,0.7015599686353666,3.0367115102978492,1.1219792473868342,32.0,7.0,,,,,,,,,
tuning_catboost,CatBoostRegressor,50,26.876023327556616,0.1285330413931733,5.031259039998986,0.005948739999439567,0.0011177599953953177,600,8,0.06165870175436769,0.8482660616917741,0.7343467068089498,0.41025540701646596,0.9385211679774799,1.5727909112851992,255.0,1.0,,,,,,,,,
tuning_catboost,CatBoostRegressor,51,26.836404336693512,0.12855965697678723,4.306842419999884,0.006711400009226054,0.001013120007701218,700,7,0.09307706781230166,0.8045472783377824,0.7929645082576499,1.0046821240631718,0.19739044652480536,3.098010961684984,255.0,4.0,,,,,,,,,
tuning_catboost,CatBoostRegressor,52,26.90107319248355,0.12871649292897494,3.1094497000041885,0.0063431400049012154,0.0012308800010941922,500,7,0.09250838028597579,0.8008296217407105,0.7864138242184373,1.0029860736161387,0.22699938124740182,1.417366006558617,255.0,13.0,,,,,,,,,
tuning_catboost,CatBoostRegressor,53,26.967976354001927,0.12892317259204317,3.9540085400047245,0.006939439999405295,0.0011372600041795523,800,6,0.06577531305611653,0.8119229499191832,0.8059215136674683,0.4809408367489998,2.086006418582689,0.46336605676117504,255.0,6.0,,,,,,,,,
tuning_catboost,CatBoostRegressor,54,26.83672740149745,0.12850123977668376,5.0246542799985034,0.006429480004590005,0.0011602999991737306,600,8,0.07204173546418238,0.8970902219180226,0.7604158776734015,2.7697267488244686,0.9133221287051159,2.463988946973896,255.0,3.0,,,,,,,,,
tuning_catboost,CatBoostRegressor,55,26.80381774302643,0.1284330033249631,5.069712400005665,0.00705422000028193,0.0009426400007214397,600,8,0.07240730039749124,0.9346884301181891,0.7600867393025605,2.9967092121316012,0.8859167574392719,4.439582900701426,255.0,3.0,,,,,,,,,
tuning_catboost,CatBoostRegressor,56,26.944999949499778,0.12877580122291876,3.8082268800004386,0.00682852000463754,0.0017556799924932421,600,7,0.05640617802726186,0.9338186363848784,0.7590554580943775,0.0012567011120835606,0.28894512607591816,4.559480454520212,255.0,3.0,,,,,,,,,
tuning_catboost,CatBoostRegressor,57,26.905234070975173,0.12941158046480852,5.980631500005257,0.006616100011160597,0.0011455600033514202,700,8,0.12397166927024922,0.9618048993932431,0.7379520298794064,6.639441173223293,1.5453020380175229,4.158319265704892,255.0,5.0,,,,,,,,,
tuning_catboost,CatBoostRegressor,58,26.962786292900592,0.1293444434671458,2.57349900000263,0.005719840002711862,0.0012309999961871653,500,6,0.15534723289214689,0.9097519845719493,0.7145459160315107,3.0974026204339897,1.0915931102610965,5.316968578932665,255.0,8.0,,,,,,,,,
tuning_catboost,CatBoostRegressor,59,26.82749176535964,0.1285946837813608,3.850177320005605,0.00731674000271596,0.0012074200029019266,600,7,0.08728133562953168,0.984395903240823,0.7556917242730524,0.9134989525175269,0.7102224194680649,6.298674769811452,255.0,3.0,,,,,,,,,
tuning_catboost,CatBoostRegressor,60,27.0578706701876,0.12970914457371147,3.3870130000053904,0.0057769800070673226,0.0011494600039441139,700,7,0.08622037128698104,0.9784971052343037,0.749815177931211,0.861942305036854,0.5749103117334984,6.551517651787094,32.0,9.0,,,,,,,,,
tuning_catboost,CatBoostRegressor,61,26.839746632412762,0.128814970666327,5.068949080008315,0.006422280002152547,0.0010575000080280006,600,8,0.09863555234398222,0.9312433215211737,0.7648634776880465,1.6317282464188285,0.829673200785472,6.358827530929351,255.0,47.0,,,,,,,,,
tuning_catboost,CatBoostRegressor,62,26.870998264625666,0.12850527062704692,3.8814182799949775,0.005774619989097118,0.001083899987861514,600,7,0.07587127041262129,0.9439676674618309,0.6940537566330541,0.6798151282454206,0.01938349140400164,7.060446236353908,255.0,3.0,,,,,,,,,
tuning_catboost,CatBoostRegressor,63,26.83889867284001,0.12845667962390822,5.691517039993778,0.006563480000477284,0.001081679988419637,700,8,0.05743505334971445,0.8948201287743598,0.833051041435202,3.0165631738480516,1.91801281369697,7.8503958756347885,255.0,6.0,,,,,,,,,
tuning_catboost,CatBoostRegressor,64,26.946784827097737,0.1289060668733526,3.15080481999903,0.00642386000836268,0.0011319200042635203,500,7,0.07071154695411737,0.9854583080264429,0.8167128626814182,1.232747726380085,1.3543022366390098,8.527249481888372,255.0,3.0,,,,,,,,,
tuning_catboost,CatBoostRegressor,65,26.820687325528986,0.12894822057314484,8.754440939996858,0.00945384000078775,0.0020821600046474487,700,9,0.08211417625552851,0.9221979410489741,0.7776589555561848,0.004131661284188501,0.41849274290722893,2.343919443536067,255.0,1.0,,,,,,,,,
tuning_catboost,CatBoostRegressor,66,26.827732122267527,0.12905856705545776,8.62740856000455,0.00909371999441646,0.001043660001596436,700,9,0.08617891401748495,0.9540420188094073,0.8567976969807932,0.0036436787221943994,0.38134379877508096,3.692370365590297,255.0,37.0,,,,,,,,,
tuning_catboost,CatBoostRegressor,67,26.8464771666414,0.12904208580480456,9.84593739999691,0.009577419993001967,0.0011376400012522935,800,9,0.08437784939737773,0.95541360202338,0.855922754441728,0.0037625248073624895,0.43318812432661624,5.16333526176542,255.0,39.0,,,,,,,,,
tuning_catboost,CatBoostRegressor,68,27.08316761038762,0.1310560538231908,8.420066000003136,0.009157460002461449,0.0011697600013576448,700,9,0.12459766062466862,0.9763564692783375,0.8995000837887758,0.009109712610465833,9.84766868922916,5.962522083751043,255.0,1.0,,,,,,,,,
tuning_catboost,CatBoostRegressor,69,27.17536662369646,0.13132115227656982,10.401413820014568,0.011014120001345874,0.0014468399982433765,800,10,0.10303117631696355,0.9195383830095851,0.8247761169201969,0.0026411216692223574,1.18997556230399,3.737279887185397,128.0,34.0,,,,,,,,,
tuning_catboost,CatBoostRegressor,70,26.80582014408828,0.1284291470248033,8.79471616000519,0.00953499999595806,0.0011185399955138565,700,9,0.0498607096166675,0.9994521247843109,0.8406553193469085,0.0075776764156574895,0.6919278661374128,4.434638476244765,255.0,36.0,,,,,,,,,
tuning_catboost,CatBoostRegressor,71,26.795166055936512,0.12827256941695458,8.732822159997886,0.010019880003528669,0.0010947200062219054,700,9,0.05302617807691699,0.9511464777045096,0.8482353499813824,0.005973590548647442,0.7010459363550201,4.792417171661445,255.0,43.0,,,,,,,,,
tuning_catboost,CatBoostRegressor,72,26.81219238203321,0.1285161923192228,8.824818679998861,0.009169340005610139,0.001150920003419742,700,9,0.04892662669384183,0.9967172510212802,0.8361194662824976,0.007722660664738939,0.6813431645488164,5.760555291381338,255.0,43.0,,,,,,,,,
tuning_catboost,CatBoostRegressor,73,26.852391905577605,0.1284929140947789,10.14178685999359,0.009482380014378577,0.0010776400042232126,800,9,0.03554211240179905,0.9931949371241583,0.837966961009735,0.00585373610086974,1.656514517330867,5.76448200615219,255.0,43.0,,,,,,,,,
tuning_catboost,CatBoostRegressor,74,26.814764664224366,0.12874946258491174,13.433244919998106,0.009887400001753121,0.001194319996284321,700,10,0.048624521867941306,0.9710303051196635,0.8150032259951886,0.013866006027098678,1.0522284426663648,4.739107368855064,255.0,44.0,,,,,,,,,
tuning_catboost,CatBoostRegressor,75,27.204881066692167,0.13101818848088143,6.645996000000741,0.010486979997949675,0.001351220003562048,800,10,0.051994682040440006,0.9708490218206626,0.8475622828823309,0.013434048453847124,2.1196402189728882,4.754210725233005,32.0,44.0,,,,,,,,,
tuning_catboost,CatBoostRegressor,76,26.902912363152815,0.12931513183811458,22.14007710000151,0.01065402000094764,0.0015006400004494934,700,11,0.048963698571118465,0.9937326421452614,0.8049182087947637,0.008636272713670163,1.2044314080631433,4.277108706018664,255.0,47.0,,,,,,,,,
tuning_catboost,CatBoostRegressor,77,26.769637717411246,0.12866718386061077,18.002346940006827,0.010961119999410584,0.0012507400009781123,900,10,0.04353683797714344,0.9442143950361757,0.8729702960105816,0.022240601968050153,0.7207243068590303,4.8753140168121805,255.0,40.0,,,,,,,,,
tuning_catboost,CatBoostRegressor,78,26.829861981786188,0.12873973614359951,18.095340060000307,0.011813260009512305,0.0011216199956834317,900,10,0.03753301384091251,0.9704150362398986,0.8791448212551903,0.023208609979137443,3.2785353512193716,4.810350698802167,255.0,40.0,,,,,,,,,
tuning_catboost,CatBoostRegressor,79,26.909607044710867,0.1296528617377552,29.5505223199958,0.01201008000643924,0.0013592800009064377,900,11,0.04583483355426415,0.9985309116385807,0.8662667557987764,0.014571908122249707,1.4177563743605306,5.721738949361571,255.0,45.0,,,,,,,,,
tuning_catboost,CatBoostRegressor,80,26.890776879597457,0.12866615521670186,12.08353219999699,0.011333439993904904,0.0014264600060414523,900,10,0.02666205162888105,0.9621706064328613,0.843009995115365,0.02351805998967012,1.8287156011318548,4.4786280186337,128.0,42.0,,,,,,,,,
tuning_catboost,CatBoostRegressor,81,26.79333420330725,0.128293991253334,10.060327620006865,0.009552740008803084,0.0012106600042898208,800,9,0.04140676091605464,0.9426982635383528,0.8215672602494168,0.006967595460276511,0.7262013223002554,5.024281537018465,255.0,38.0,,,,,,,,,
tuning_catboost,CatBoostRegressor,82,26.844925005766235,0.12847355673675873,10.015765460004332,0.009582000004593283,0.0012056400009896606,800,9,0.04156911942981923,0.9451028266845336,0.8254181251263788,0.042348821538896436,2.777942877896429,4.935597092936961,255.0,36.0,,,,,,,,,
tuning_catboost,CatBoostRegressor,83,26.821537265772207,0.12932085889911699,20.09163819999667,0.01205750000081025,0.0012680600048042834,1000,10,0.05813342447396846,0.986262254171415,0.8621801696946176,0.008112069998974798,1.0140688485007718,5.161468104665882,255.0,38.0,,,,,,,,,
tuning_catboost,CatBoostRegressor,84,26.762295508646332,0.12834784915419703,11.267911219998496,0.010172800003783778,0.0011806199909187853,900,9,0.051944448482762695,0.9517562075797317,0.8199720546569376,0.033171489750104394,0.7712010657102837,4.3914368397974295,255.0,41.0,,,,,,,,,
tuning_catboost,CatBoostRegressor,85,26.7763430469186,0.12816460477391917,11.423028599994723,0.01077500000828877,0.0012970999989192933,900,9,0.03394842763890676,0.9490656233301645,0.8340175163949275,0.005940990920014718,0.6675307951628839,4.004501867828116,255.0,41.0,,,,,,,,,
tuning_catboost,CatBoostRegressor,86,26.798857529381138,0.12838680407735842,11.214425800007302,0.009719860006589443,0.0011329200002364813,900,9,0.03307067129694602,0.9427464957486953,0.8987906079564711,0.005517811696912235,0.01133861127044622,3.9618080010255974,255.0,40.0,,,,,,,,,
tuning_catboost,CatBoostRegressor,87,26.7713500660035,0.1283783346977736,11.825475440005539,0.010112000000663101,0.0010068200062960386,1000,9,0.03427833366428894,0.9442885472314317,0.9124725533627148,0.00524366527405142,0.029737331242464547,4.083979570664511,255.0,34.0,,,,,,,,,
tuning_catboost,CatBoostRegressor,88,26.781922606432396,0.12850773098983242,11.69970023999922,0.010322900000028312,0.0011850599898025394,1000,9,0.03473356376646667,0.941661235670333,0.9410476673324109,0.0027051164516389923,0.01314410195356841,3.9126590435118547,255.0,41.0,,,,,,,,,
tuning_catboost,CatBoostRegressor,89,27.046135352465278,0.1299435127359984,5.7674607599969026,0.010869660001480952,0.0011734599946066737,1000,9,0.03250606294255457,0.9486636823146761,0.9422797993416441,0.00274620496647459,0.05181633497462097,3.8102276078170627,32.0,41.0,,,,,,,,,
tuning_catboost,CatBoostRegressor,90,26.806824577343566,0.1282261019678516,11.952042960003018,0.010702220007078721,0.0010896199964918196,1000,9,0.029170799484503934,0.9087110865640736,0.9043091476789723,0.005681031925947042,0.25973431561368504,3.960659387447146,255.0,34.0,,,,,,,,,
tuning_catboost,CatBoostRegressor,91,26.72194573834555,0.12800084966446987,11.556658540008357,0.01019788000266999,0.00116368000744842,1000,9,0.036933689194607086,0.928974325662244,0.946008774994521,0.0016636727335381453,0.2852822197952232,4.0524615474829755,255.0,40.0,,,,,,,,,
tuning_catboost,CatBoostRegressor,92,26.748782605708847,0.12816077426825073,10.883685600000899,0.010515240009408445,0.001041419996181503,1000,9,0.03695907542499931,0.9429709959243953,0.9742500670152565,0.0017085879352406305,0.3541626746343457,4.043539129062769,255.0,41.0,,,,,,,,,
tuning_catboost,CatBoostRegressor,93,26.736592451781725,0.12828893933202437,20.870230880001326,0.012311719998251647,0.001298319996567443,1000,10,0.038326915937799653,0.9269891843509873,0.9780747203716251,0.0014671433719027954,0.3728940521766526,4.18494504150447,255.0,38.0,,,,,,,,,
tuning_catboost,CatBoostRegressor,94,26.756568517210514,0.12830019687555513,21.312274920003254,0.01151356000918895,0.0013639600074384362,1000,10,0.03521750195265259,0.9240076293426918,0.9831483304281892,0.001394684947396521,0.3601885083096288,3.542693220409803,255.0,32.0,,,,,,,,,
tuning_catboost,CatBoostRegressor,95,26.79234564985116,0.1287474801407419,21.320239480008603,0.011502100003417582,0.0013349999964702875,1000,10,0.0355659209050643,0.9205090306763938,0.9875388006874111,0.001098506181570354,0.38728130583673137,3.555896727614548,255.0,29.0,,,,,,,,,
tuning_catboost,CatBoostRegressor,96,26.798991393153596,0.1283332383848426,21.177571560000068,0.011478900001384318,0.0013097999966703356,1000,10,0.026310543385203673,0.9136779299118708,0.9736520997817598,0.0015824794150503829,0.2970938391447043,3.2271494023556166,255.0,31.0,,,,,,,,,
tuning_catboost,CatBoostRegressor,97,26.980655095576587,0.12906898242223153,33.539959279994946,0.012685820000478997,0.0013717599969822914,1000,11,0.020554290023884567,0.9260153068025196,0.9454740723108754,0.0020729987162343986,8.774993531678456,4.250692592068973,255.0,41.0,,,,,,,,,
tuning_catboost,CatBoostRegressor,98,26.876478206082528,0.12904725513246695,14.354678999993485,0.011406160000478848,0.0013474200037308036,1000,10,0.038699943753522516,0.8875030682021041,0.9505084444753586,0.0014598802664875592,4.3329179298863085,3.0165736284791285,128.0,39.0,,,,,,,,,
tuning_catboost,CatBoostRegressor,99,26.755454197110016,0.1285644254088425,35.09443412000546,0.011713319999398664,0.001217160007217899,1000,11,0.030361585204993012,0.9265840882105114,0.9759593425575067,0.0019788454572176113,0.5180293631611019,4.028222696120835,255.0,33.0,,,,,,,,,
tuning_lightgbm,LGBMRegressor,0,26.80797547762911,0.12892871529499944,1.3579674199980218,0.07379608000046574,0.0014333999977679923,1000,6,0.07661100707771368,0.6624074561769746,,,,,,,52.0,0.662397808134481,10.0,0.08499808989182997,0.0006440507553993703,0.004619347374377372,,,
tuning_lightgbm,LGBMRegressor,1,27.18066354463907,0.13058712328545258,0.9046816199959722,0.03413303999986965,0.0014372799982083962,1000,3,0.16967533607196555,0.6849356442713105,,,,,,,20.0,0.6727299868828402,22.0,2.716051144654844e-06,0.00015777981883364995,2.85469785779718e-05,,,
tuning_lightgbm,LGBMRegressor,2,27.400798307437487,0.13097614980103364,0.9356460599956335,0.044937380004557784,0.0016035399981774389,700,5,0.027010527749605478,0.7465447373174767,,,,,,,21.0,0.7824279936868144,80.0,3.9572205641009174e-07,0.00012997969313168238,0.0005486767416600901,,,
tuning_lightgbm,LGBMRegressor,3,28.704458789275822,0.13814741735386804,0.6601369999960298,0.024727779999375345,0.0016084800008684397,700,3,0.0178601378893971,0.6260206371941118,,,,,,,20.0,0.9795542149013333,97.0,0.02932100047183291,2.734702913886802e-06,6.044730070370796e-08,,,
tuning_lightgbm,LGBMRegressor,4,26.801381267732047,0.12848724984244023,1.003056679997826,0.03714167999860365,0.001678499998524785,500,9,0.05388108577817234,0.6137554084460873,,,,,,,54.0,0.9637281608315128,29.0,0.0019960815242513743,3.116654126398047e-06,0.00014472520367197597,,,
tuning_lightgbm,LGBMRegressor,5,26.908202531989776,0.12950015126740383,0.45504358000471257,0.01641617999994196,0.0014667200011899695,200,8,0.13962563737015762,0.9757995766256756,,,,,,,249.0,0.9579309401710595,62.0,0.23713402899336497,5.1043449526824996e-08,3.697114486625506e-07,,,
tuning_lightgbm,LGBMRegressor,6,28.54027872690882,0.13719698908958022,0.3976500399963697,0.01441581999824848,0.0013347000029170885,400,3,0.03750796359625606,0.7085396127095583,,,,,,,20.0,0.9314950036607718,39.0,1.7679748286442581e-06,0.0002195678075127562,1.3408920002835378e-07,,,
tuning_lightgbm,LGBMRegressor,7,26.991034143733277,0.12988160762634418,0.33738890000095123,0.011613120001857168,0.0012658200022997335,100,11,0.13826083091896751,0.679486272613669,,,,,,,297.0,0.602208846849441,83.0,0.0045170900739091345,0.006792933207180863,0.014796628616069285,,,
tuning_lightgbm,LGBMRegressor,8,29.42860964748749,0.14275118980145635,0.37612388000125063,0.013077100005466491,0.0012445999920601026,400,3,0.014830392684568025,0.9452413703502374,,,,,,,20.0,0.8493192507310232,36.0,3.224532824812341e-08,3.075095259104445e-06,3.994538177154855e-06,,,
tuning_lightgbm,LGBMRegressor,9,26.741427179427944,0.12857668970166763,1.6821721600019373,0.09655128000013065,0.001486199998180382,700,10,0.049833191601257244,0.6478376983753207,,,,,,,269.0,0.885297914889198,78.0,0.0003091844051450647,0.014714226590398758,8.919998285789817e-05,,,
tuning_lightgbm,LGBMRegressor,10,26.963292272727774,0.12937143203834392,2.9166363399970576,0.12427066000236664,0.001402919995598495,800,12,0.010629965824084665,0.8404732572816088,,,,,,,180.0,0.8458052412587206,58.0,0.00012260334978889936,0.49788645132565135,0.8687630146789955,,,
tuning_lightgbm,LGBMRegressor,11,26.68724610174862,0.128261884554285,1.12463160000043,0.053308139997534455,0.0013018600002396852,500,9,0.06452178911070261,0.6125815000366182,,,,,,,119.0,0.8960874734786104,45.0,0.0004905303499180335,0.12314658092591105,0.0001397247448779322,,,
tuning_lightgbm,LGBMRegressor,12,26.72812536274962,0.12865376314413954,1.415187159998459,0.08159839999570977,0.0016382600006181747,600,10,0.07614713960661877,0.8158480427211191,,,,,,,140.0,0.8974402975901682,75.0,9.686017609068407e-05,0.34336748073872664,1.009002243608656e-05,,,
tuning_lightgbm,LGBMRegressor,13,27.19341234580214,0.1321869802005298,0.6877006200025789,0.028126839993637985,0.0014602600014768541,300,9,0.28331702126982156,0.8378520787476529,,,,,,,133.0,0.7797391588061163,45.0,2.500846760399265e-05,0.8982676835699265,4.4565299122149716e-06,,,
tuning_lightgbm,LGBMRegressor,14,26.77939125105116,0.12856820830336352,0.9121842600026866,0.045797119999770076,0.001717179996194318,500,7,0.08509567241160991,0.7789285467256194,,,,,,,110.0,0.9032894468052296,68.0,2.063286915481918e-05,0.06619515710669154,1.723160828357445e-06,,,
tuning_lightgbm,LGBMRegressor,15,26.698862681940774,0.12865261611675463,1.6368163800012554,0.08674177999491803,0.0013924600003520026,600,11,0.08420828905250975,0.8962697627461074,,,,,,,186.0,0.8293518255360727,51.0,0.0010185524520127632,0.05300264390327118,0.0031735749475706623,,,
tuning_lightgbm,LGBMRegressor,16,26.757192875658284,0.12934564873633847,2.4130881800025237,0.14950881999975535,0.0013563400018028915,800,12,0.10081222450207368,0.8997708602118026,,,,,,,194.0,0.8221419974686334,48.0,0.003291511688791588,0.0045449795209864955,0.035253271483681375,,,
tuning_lightgbm,LGBMRegressor,17,26.77948679970974,0.12905336403222617,1.6971145599993178,0.06282459999783896,0.0013639399985549971,400,11,0.03290960200966497,0.9085089645727344,,,,,,,225.0,0.7426815878832285,19.0,0.0009122920852740638,0.06423432548115092,0.001382527840530872,,,
tuning_lightgbm,LGBMRegressor,18,26.90636617778323,0.13034120575869337,1.0416845400002785,0.05772784000437241,0.0015510000026552006,600,8,0.19912661867540835,0.8820868282834556,,,,,,,107.0,0.7211422591005001,54.0,0.025035733282096573,0.0017024395633931486,0.3114182992233725,,,
tuning_lightgbm,LGBMRegressor,19,26.695646189245366,0.1286306046505855,1.8686670999974013,0.09343242000322789,0.0012897599983261899,900,10,0.05009867041507037,0.9988949484745102,,,,,,,189.0,0.8559370287924123,35.0,0.7087689671300903,0.048429551076941094,1.0120499658714556e-08,,,
tuning_lightgbm,LGBMRegressor,20,26.878732046148183,0.12977610955773747,3.033831680001458,0.11177049999823793,0.0011150200007250533,900,9,0.020701471669981198,0.9927800230861835,,,,,,,218.0,0.8719563204995155,6.0,0.6909395704111918,3.4835076868097914e-05,1.8258996916540236e-08,,,
tuning_lightgbm,LGBMRegressor,21,26.64278002973486,0.12826680073782407,2.565455920001841,0.12433149999706075,0.0014140799990855157,900,10,0.043264463901508246,0.9353693343022876,,,,,,,162.0,0.8031317599791383,35.0,0.01148536210060973,0.09292734791465271,0.0008501851077758591,,,
tuning_lightgbm,LGBMRegressor,22,26.83602872242085,0.12887913002040616,1.229784079999081,0.037032140005612744,0.001430920002167113,900,10,0.043414462984831786,0.9538163063719435,,,,,,,158.0,0.795726694435529,33.0,0.9892543136848909,0.11103201294069766,0.00023546800108218777,,,
tuning_lightgbm,LGBMRegressor,23,26.85396938825216,0.1288501018554501,1.772878139995737,0.08446663999930024,0.0013621999969473109,900,7,0.025033991372233246,0.9439694863099333,,,,,,,92.0,0.9276896901698422,24.0,0.012660358625821492,0.017634779911775512,3.5778811865092707e-05,,,
tuning_lightgbm,LGBMRegressor,24,26.66604393681531,0.12834933746808225,1.8402985200023978,0.09353214000002481,0.0013764000032097101,800,9,0.06437845070637743,0.9955366735952621,,,,,,,146.0,0.7472713770350924,42.0,0.12577819535106802,0.19683000844918264,0.04575651073249938,,,
tuning_lightgbm,LGBMRegressor,25,26.713843171605514,0.1285899429047383,1.6453868200012949,0.08374471999704838,0.0013260799983981996,800,8,0.0668821440886936,0.7301558280833155,,,,,,,159.0,0.7306455695264041,39.0,0.05661057986251825,0.20291455094940633,0.052466820225602624,,,
tuning_lightgbm,LGBMRegressor,26,26.729723776971092,0.12902855583346542,1.577657220000401,0.07934482000709978,0.0012896399974124506,700,9,0.1092499049431823,0.8589104163479623,,,,,,,131.0,0.7501952151189898,46.0,0.005044710269014079,0.9233666300498821,0.20105692154690896,,,
tuning_lightgbm,LGBMRegressor,27,26.823736837650777,0.12875156882933897,1.4451549000048545,0.06872242000245024,0.00141847999766469,1000,6,0.06245381719325068,0.7768378017591822,,,,,,,37.0,0.6888737099903147,14.0,0.19553723745251844,1.2100059663303176e-08,0.007014799066166519,,,
tuning_lightgbm,LGBMRegressor,28,26.66637714381364,0.1280829230954059,1.9966889200004516,0.07420665999525226,0.001497600003494881,800,11,0.033445884783260944,0.9231901905834867,,,,,,,83.0,0.8137199172752452,29.0,0.009647188733657636,0.002597975243057656,0.0010942297999240532,,,
tuning_lightgbm,LGBMRegressor,29,26.667406918841046,0.1279216879162722,1.8810540999955265,0.06932618000428192,0.0013881599967135116,800,12,0.033492688307476565,0.9383228627237341,,,,,,,78.0,0.6288705387374085,27.0,0.08808762552351578,0.000986989234115049,0.0010284263127890202,,,
tuning_lightgbm,LGBMRegressor,30,26.64397060944564,0.12827307551430853,2.557772960004513,0.07713611999934074,0.0014786200015805661,1000,11,0.04125971575724407,0.9730823923357598,,,,,,,79.0,0.7631189979424966,15.0,0.011675181554527443,0.0021312520668135227,0.003776676161873644,,,
tuning_lightgbm,LGBMRegressor,31,26.70075204316553,0.1282275796096006,2.1779380800027868,0.06961978000181261,0.001347960002021864,1000,11,0.037645088255975775,0.9754216833106563,,,,,,,66.0,0.806596693260637,17.0,0.007399432375329555,0.005490818470295778,0.003558194379362096,,,
tuning_lightgbm,LGBMRegressor,32,26.754738452980597,0.128685325443823,2.579212359999656,0.08093625999463257,0.001513020001584664,1000,11,0.026797408066864554,0.9224743220228733,,,,,,,87.0,0.7648153306299624,10.0,0.11638496197741105,0.0006165684396053702,0.02024261906040484,,,
tuning_lightgbm,LGBMRegressor,33,26.63775122262026,0.1278300144762104,1.872869580000406,0.07518075999978464,0.0014757199969608337,900,10,0.04504529296359074,0.9756546002481156,,,,,,,67.0,0.7041944766995534,31.0,0.016753053283451974,2.591372421207856e-05,0.09583203067307196,,,
tuning_lightgbm,LGBMRegressor,34,26.709513498688203,0.12820114909647334,1.6376044599979651,0.05688972000498325,0.001410660002147779,900,10,0.04475499263273357,0.9744846662289005,,,,,,,49.0,0.6992256150673039,22.0,0.02304465784334136,2.263711822588554e-05,0.07647087695942899,,,
tuning_lightgbm,LGBMRegressor,35,26.665341728304508,0.12904533853040684,3.135764839994954,0.14385889999975915,0.0011738200002582744,1000,10,0.055955935546743205,0.9644113025574881,,,,,,,148.0,0.7088356850850498,12.0,0.04636205511860417,5.959656954603991e-07,0.13998822407475134,,,
tuning_lightgbm,LGBMRegressor,36,26.765533546161315,0.12932809424790287,4.085406999997213,0.12566915999923367,0.0013369799999054521,1000,12,0.02223833772831182,0.9645192104210937,,,,,,,172.0,0.6568801218342333,5.0,0.028214874565261585,4.1606928463615625e-07,0.18217619989288128,,,
tuning_lightgbm,LGBMRegressor,37,26.756101371769585,0.12853503415207695,1.875909199999296,0.062252079998143015,0.0013416200032224878,900,10,0.038290025694157404,0.873983963154623,,,,,,,64.0,0.7111485732157407,12.0,0.002403419557896106,2.2225856790135738e-07,0.008239273499092727,,,
tuning_lightgbm,LGBMRegressor,38,27.134251414802367,0.12986975867532768,1.222945460001938,0.06422770000062883,0.0014791800000239163,1000,5,0.028847594432080383,0.9249958033814764,,,,,,,24.0,0.6675695495550322,21.0,0.2562889729167709,1.6973578945976146e-05,0.7492383554002574,,,
tuning_lightgbm,LGBMRegressor,39,26.62385905313433,0.12833330016955258,2.495038300001761,0.13003451999975368,0.0013186399970436468,1000,10,0.05732180819672487,0.9592743541007506,,,,,,,114.0,0.6382858627416124,31.0,0.039058977244492116,8.155440207787626e-07,0.1078606509239846,,,
tuning_lightgbm,LGBMRegressor,40,26.74073261528165,0.12837176318650104,2.551450719998684,0.11223424000199884,0.001560720000998117,900,11,0.017356976474708533,0.9834048515505918,,,,,,,115.0,0.6451861350627482,33.0,1.414494645599984e-08,0.0003582268925548812,0.0166759129667656,,,
tuning_lightgbm,LGBMRegressor,41,26.624642441019724,0.12840631926713175,2.451186480000615,0.096381799998926,0.0014434600016102195,1000,10,0.05522454560864494,0.9581826280752842,,,,,,,94.0,0.606483424099779,15.0,0.03977060906452611,6.374193975212095e-07,0.1087114641281588,,,
tuning_lightgbm,LGBMRegressor,42,26.611850911910114,0.12796728687802736,2.2936125000007452,0.11784760000300594,0.001575659998343326,1000,9,0.04321643093570005,0.9380885882309646,,,,,,,101.0,0.6020442173163726,27.0,0.0127435394345769,9.476807762176619e-05,0.0004801109154565983,,,
tuning_lightgbm,LGBMRegressor,43,26.647461349396075,0.12830184719058266,2.109770959999878,0.10347008000244387,0.001356560000567697,900,9,0.054524702174682284,0.9253404212144414,,,,,,,100.0,0.603422069774714,29.0,0.017279658416682973,5.553999537765501e-06,0.00048563172818330916,,,
tuning_lightgbm,LGBMRegressor,44,26.687802109213084,0.12836157816177374,2.1035766199987846,0.11339771999628283,0.0014519200049107894,1000,8,0.04758105459613259,0.9555730822940003,,,,,,,121.0,0.621332122190922,24.0,0.25021926342191314,0.00010111422488447665,0.5114464850562777,,,
tuning_lightgbm,LGBMRegressor,45,26.63976882009656,0.128089471654748,1.6375553200021387,0.09438844000105746,0.0014452000032179058,900,10,0.07844308083147221,0.9385448512112798,,,,,,,66.0,0.6281657494863397,91.0,0.002276112975549299,1.299993125796492e-06,6.3609980722066e-05,,,
tuning_lightgbm,LGBMRegressor,46,26.740067604471108,0.12895488065497512,1.676570200000424,0.09949551999743562,0.0012414800003170967,1000,9,0.12541660303316537,0.9077551443576305,,,,,,,63.0,0.6353648021883114,88.0,0.0017783231135660618,1.0810328664358208e-06,4.012907060564402e-05,,,
tuning_lightgbm,LGBMRegressor,47,26.665343273451164,0.12794647895670877,1.1824129599990556,0.05836851999920327,0.0014137200021650642,700,10,0.07720768071598039,0.9487292438043621,,,,,,,48.0,0.6849896492844032,92.0,0.00042979613675899045,1.1358637096136003e-07,7.396512124120217e-07,,,
tuning_lightgbm,LGBMRegressor,48,26.723681615751502,0.12877592787761855,1.3546914599981392,0.0779074199963361,0.0012952800025232136,800,8,0.10283510024409749,0.8800425925571638,,,,,,,100.0,0.6149571193468644,66.0,0.00016850051615428357,7.463374422785561e-06,8.315311538554817e-06,,,
tuning_lightgbm,LGBMRegressor,49,27.568929820582973,0.13221735734482357,0.22539057999674697,0.008635560001130216,0.0012003599986201152,100,7,0.0748897236021888,0.8589176202462366,,,,,,,70.0,0.6556352407118061,72.0,0.0011131936936163958,1.6344809749166116e-06,0.12295159325555782,,,
tuning_lightgbm,LGBMRegressor,50,26.662101967195525,0.12875745949093237,2.101656400001957,0.11386842000065371,0.0013503800000762567,1000,9,0.0873343479076836,0.9113334036228327,,,,,,,93.0,0.6035154245151789,26.0,5.4013954826458736e-05,5.858950891611674e-05,7.16964740956573e-05,,,
tuning_lightgbm,LGBMRegressor,51,26.64221408965808,0.12793030097541808,1.827842660000897,0.10528652000066359,0.0014842399978078902,900,10,0.05743567994998114,0.9365987444964703,,,,,,,127.0,0.6391434202417321,98.0,0.05263710110790062,6.587435702452795e-08,0.0004624229171980983,,,
tuning_lightgbm,LGBMRegressor,52,26.645192441930885,0.12802659638911265,1.9093261400063057,0.10877401999605354,0.001497460002428852,900,10,0.05703343995070914,0.956845315991894,,,,,,,126.0,0.6435550097194527,81.0,0.04801658987426727,5.103121955315003e-08,0.00024196959123309216,,,
tuning_lightgbm,LGBMRegressor,53,26.648216622400987,0.12799018798201403,1.7208132999949157,0.10425614000123459,0.0015663400001358241,900,10,0.07088555317279487,0.984862792245664,,,,,,,105.0,0.6777974571752736,100.0,3.945668026435395e-07,3.838137229075948e-08,0.001893330180323316,,,
tuning_lightgbm,LGBMRegressor,54,26.686879720845855,0.12788815023240643,1.19688865999924,0.05822056000179145,0.0013644599996041507,800,9,0.05941926269750975,0.8941015458729811,,,,,,,37.0,0.6200372989664267,92.0,0.3800681936494162,1.2747127880514846e-07,0.0003548561661232419,,,
tuning_lightgbm,LGBMRegressor,55,26.815623071807387,0.1284797682720699,0.7899833600007696,0.03062132000050042,0.0013924600003520026,300,11,0.04982109327455232,0.9372143148748248,,,,,,,114.0,0.644720055842434,86.0,0.00409116815759396,1.0538292303676489e-05,1.6053309699448748e-05,,,
tuning_lightgbm,LGBMRegressor,56,26.689219307972603,0.12851577574105352,1.9945688599982532,0.11868932000070345,0.0014312800019979476,1000,10,0.08976669113580604,0.8035003536167815,,,,,,,137.0,0.660400082347165,94.0,0.04775700191466158,2.3854913759564273e-06,7.724303450428886e-05,,,
tuning_lightgbm,LGBMRegressor,57,26.69771164555172,0.12805221190261099,1.4314291000016965,0.08555478000198491,0.001330340004642494,900,8,0.05393816869778722,0.6434995078200845,,,,,,,72.0,0.6124072635188901,100.0,0.005282692193176007,2.0610044000997657e-08,0.011836618245134066,,,
tuning_lightgbm,LGBMRegressor,58,26.681210501351906,0.12805645453562034,2.1917394999967654,0.11307611999800429,0.0014059399982215837,1000,9,0.031518088790242135,0.9638123778800388,,,,,,,94.0,0.9948196225895792,61.0,0.09281162804585809,7.580711600885353e-07,0.3191236774694291,,,
tuning_lightgbm,LGBMRegressor,59,26.808315984337632,0.1297581915071811,1.4482556200004182,0.054778719999012536,0.0014957800012780353,800,11,0.17793514477979147,0.6910685923866379,,,,,,,53.0,0.6317464565057,40.0,0.02167267244627884,2.476221737160018e-07,0.030208889517445662,,,
tuning_lightgbm,LGBMRegressor,60,27.23781480029022,0.13049651977824744,0.9420769000018481,0.04882952000189107,0.001358800003072247,900,4,0.04874205919021905,0.9974251474640947,,,,,,,20.0,0.6028365922308865,18.0,0.0016919796554877259,0.00015064316787761022,2.8118622400612345e-06,,,
tuning_lightgbm,LGBMRegressor,61,26.63306018460266,0.12832401244484828,2.571625260001747,0.12881772000400815,0.0013861199986422434,900,10,0.04139854706385314,0.9361640152820796,,,,,,,171.0,0.6722800723663999,32.0,0.00886205866925163,1.2957779030048828e-07,0.0008055470556086495,,,
tuning_lightgbm,LGBMRegressor,62,26.646502199760324,0.12827292932522855,2.6974142799997933,0.12881154000060632,0.0015556199941784143,900,10,0.04215733088066583,0.9364525258303226,,,,,,,167.0,0.6757026293566888,31.0,0.007272277197044745,9.344954519296233e-08,0.00017994473256925525,,,
tuning_lightgbm,LGBMRegressor,63,26.617036453161784,0.12794686499862779,2.612478560002637,0.13698708000010812,0.0014028800011146813,1000,10,0.0367590005013967,0.9147585124608739,,,,,,,145.0,0.6475705251528003,42.0,0.055784015410212565,2.526371632835641e-07,0.00048240614279667417,,,
tuning_lightgbm,LGBMRegressor,64,26.64912154453406,0.12816785666572464,2.4121819199994206,0.12592602000222541,0.00112749999971129,1000,9,0.03710395113177302,0.9131109403865156,,,,,,,203.0,0.6513274153253734,42.0,0.0006606306579530304,2.839345474832758e-07,0.08314743228294823,,,
tuning_lightgbm,LGBMRegressor,65,26.899633550026216,0.12903701111810392,3.1868055600003573,0.14237133999995422,0.0013678000017534942,1000,10,0.01105981533706418,0.8947435159431409,,,,,,,180.0,0.6256847865596665,52.0,0.015163522139214248,1.6220260269901521e-06,0.0024599248425622566,,,
tuning_lightgbm,LGBMRegressor,66,26.597376987071375,0.1279679419144711,3.225562979996903,0.15038293999969027,0.001354040004662238,1000,11,0.029492130472748384,0.9833793296191511,,,,,,,149.0,0.6897540709990092,37.0,0.13723443635943752,4.216722795231465e-05,0.006871029142645953,,,
tuning_lightgbm,LGBMRegressor,67,26.61522766564905,0.12796389014102716,3.3112687600019854,0.1581127600016771,0.001216219994239509,1000,12,0.024978212747635887,0.9889527284252551,,,,,,,154.0,0.7018271088312718,37.0,0.18249020399799482,4.9376331015901785e-05,0.006079490146804402,,,
tuning_lightgbm,LGBMRegressor,68,26.65696294376399,0.12809315873886284,3.2800161199993454,0.1494302000006428,0.0012277000001631676,1000,12,0.021016195507677613,0.9810739668343059,,,,,,,147.0,0.692737633537024,36.0,0.4504386223087646,6.600304429326345e-05,0.004956144636567103,,,
tuning_lightgbm,LGBMRegressor,69,26.630030959100544,0.1279907977124412,3.396269119999488,0.15831861999758984,0.00133225999888964,1000,12,0.02471287226179349,0.9896455972116898,,,,,,,154.0,0.7198973230473713,48.0,0.15054390385030866,0.000258119154831354,0.0006839215529806367,,,
tuning_lightgbm,LGBMRegressor,70,26.660604909887052,0.1279961117050548,3.0641817800031275,0.15807549999735784,0.00123804000322707,1000,12,0.02308152756348768,0.9998585044929262,,,,,,,153.0,0.6643143087164197,56.0,0.14910385090744624,0.0002802419711105858,0.0018485788398777626,,,
tuning_lightgbm,LGBMRegressor,71,26.59141800715338,0.12787900649580874,3.1035768600006124,0.1524648199992953,0.0013575799996033311,1000,12,0.029750330868757478,0.9634968461572783,,,,,,,139.0,0.7284748918860773,43.0,0.06915383190253789,0.0005215840758875127,0.0008599467020204271,,,
tuning_lightgbm,LGBMRegressor,72,26.594732845262797,0.12783478352298663,3.020152820000658,0.15092978000175208,0.0013475400017341598,1000,12,0.02900383056042909,0.9865304522068865,,,,,,,139.0,0.7276016003789618,46.0,0.41947168467470075,0.0006958871030449314,0.006587393185790377,,,
tuning_lightgbm,LGBMRegressor,73,26.746295570265936,0.12840577983508755,1.86943903999927,0.06875960000033957,0.0012883200019132347,1000,12,0.03042429535566229,0.9634646337237205,,,,,,,135.0,0.7263623921775754,37.0,0.8736747861423791,0.0008553962152108238,0.008125866023528877,,,
tuning_lightgbm,LGBMRegressor,74,26.70173418946432,0.12819631860445208,3.0573695400031284,0.14549945999751798,0.001456879999022931,1000,11,0.01922680354301702,0.9486492518709447,,,,,,,145.0,0.7345873526351819,43.0,0.33255260154296107,0.0004694356293407742,0.026311187701439642,,,
tuning_lightgbm,LGBMRegressor,75,26.648927241866602,0.12802067866549882,2.8511697799985996,0.13966880000079981,0.0012737000011838972,1000,12,0.026116758118231793,0.9683879957956779,,,,,,,123.0,0.7883987394607773,49.0,0.5714622858439129,4.078812085431459e-05,0.005257726268494381,,,
tuning_lightgbm,LGBMRegressor,76,26.584373135821732,0.1279269858887638,2.8260536999965553,0.12501798000303097,0.001386180004919879,1000,12,0.03549768934591554,0.981374560601751,,,,,,,110.0,0.7588820431230954,39.0,0.08107809787006387,0.0013953883165402701,0.0013258517196822082,,,
tuning_lightgbm,LGBMRegressor,77,26.596336719226294,0.12803232362564548,3.1509961800009476,0.15286375999858137,0.001284700000542216,1000,12,0.03525939168519355,0.9829022861870057,,,,,,,141.0,0.7621886183324246,39.0,0.101365659734902,0.001249799084183678,0.011268778458076173,,,
tuning_lightgbm,LGBMRegressor,78,26.592059575936155,0.1280048375893079,3.08021864000184,0.15077543999941553,0.0012521600030595437,1000,12,0.03511154059787002,0.9878761717999095,,,,,,,139.0,0.7555196180755033,45.0,0.07447542489999036,0.01079226123044277,0.0012295657746815407,,,
tuning_lightgbm,LGBMRegressor,79,26.62474031573683,0.12802284572645145,3.278013259998988,0.15994467999844347,0.001362459996016696,1000,12,0.028234642950323165,0.9791480490959428,,,,,,,163.0,0.7706706319488141,45.0,0.08910529165804147,0.009939996069837767,0.0013809060122489548,,,
tuning_lightgbm,LGBMRegressor,80,26.7102136780652,0.12818078705597435,3.010460759999114,0.1273360399994999,0.0013693399960175157,900,12,0.016350460700829912,0.986324857170001,,,,,,,139.0,0.7495942630669249,39.0,0.2116875070858954,0.0027890612046289447,0.010595787758774566,,,
tuning_lightgbm,LGBMRegressor,81,26.62781542933496,0.12813852878379567,3.238750720003736,0.1653849199967226,0.0013811000011628495,1000,12,0.03476878430353852,0.9903641890785699,,,,,,,178.0,0.7727219505986755,49.0,0.07305484164746737,0.02695109782366561,0.002594687187562558,,,
tuning_lightgbm,LGBMRegressor,82,26.6186136584708,0.12802611729541924,2.884679020004114,0.14157435999950393,0.0014228600019123405,1000,11,0.03590644960134339,0.972142377689593,,,,,,,130.0,0.7611431927609855,39.0,0.15242979087876513,0.001013280472000982,0.00031480797217405286,,,
tuning_lightgbm,LGBMRegressor,83,26.60466182613167,0.12790692855667618,3.1747825799975544,0.15920972000167238,0.0013271799980429932,1000,12,0.030553034169762877,0.9996777433281827,,,,,,,155.0,0.7387655090559009,44.0,0.3019190799809884,0.001633776966856227,0.00015737516280667425,,,
tuning_lightgbm,LGBMRegressor,84,26.614762467678606,0.12800811683193225,3.129488699999638,0.15833437999535818,0.001341740001225844,1000,12,0.030004293586528608,0.9977347801972751,,,,,,,155.0,0.7390046294643879,45.0,0.4669352275322326,0.001359370894225253,0.0012907292662659418,,,
tuning_lightgbm,LGBMRegressor,85,26.687202641003445,0.1285112216355274,3.2736549600027502,0.17043062000302597,0.0014254400040954352,1000,12,0.03209380567842568,0.9989219903589278,,,,,,,289.0,0.7394745071383587,55.0,0.5944886351426645,0.0013175826331650743,0.0001222205568012948,,,
tuning_lightgbm,LGBMRegressor,86,26.760988285782183,0.12856899244173425,1.8938985400018282,0.07658572000218555,0.0013773199985735118,500,12,0.02883068306012531,0.9723694173888434,,,,,,,197.0,0.7522809782333051,46.0,0.41524814653688735,0.002984689695149974,0.0011696916336282244,,,
tuning_lightgbm,LGBMRegressor,87,26.60861177351764,0.12792565086232616,2.3908399200008716,0.12001684000133536,0.0013849600014509632,900,11,0.03992948270861358,0.9843361678993026,,,,,,,119.0,0.7804981297295703,51.0,0.29494031596366993,0.004214537915795518,0.00297992128962852,,,
tuning_lightgbm,LGBMRegressor,88,26.6299548421021,0.12799546508851528,2.3868286600045394,0.12157341999700293,0.0014010400016559287,900,11,0.040377880787788145,0.9488270144260251,,,,,,,120.0,0.782398973752823,50.0,0.28660947677055665,0.004303430243971577,0.0037097042823611044,,,
tuning_lightgbm,LGBMRegressor,89,26.800982372995133,0.12851945420865132,1.3311927200003992,0.05093293999962043,0.0013368999963859097,600,11,0.03396511407751668,0.9785067593164808,,,,,,,107.0,0.8304701348381326,34.0,0.949633972900922,0.008978498595183,0.0021099217943524105,,,
tuning_lightgbm,LGBMRegressor,90,26.669701108371317,0.12800792228568722,2.7831877400021767,0.12692852000182028,0.0016980199987301603,900,11,0.02296311390537411,0.9668769958100484,,,,,,,132.0,0.7954459575090227,52.0,0.10379280718834157,0.0005903375922095532,0.0001937989414554603,,,
tuning_lightgbm,LGBMRegressor,91,26.60891629605419,0.12793967490627872,3.0125421200034905,0.1485867799987318,0.0012554199987789617,1000,12,0.030238647218632494,0.9890074658890288,,,,,,,139.0,0.7569862566146667,45.0,7.335070329986537e-06,0.0016172622970934635,0.0006719342120350914,,,
tuning_lightgbm,LGBMRegressor,92,26.623953758721946,0.12793608010913984,3.094572399999015,0.1513161200011382,0.0013671000022441148,1000,12,0.026533497468137913,0.984439374646287,,,,,,,141.0,0.7572798135575554,44.0,1.4505705889656245e-06,0.0038417780032374326,0.0007853849226052108,,,
tuning_lightgbm,LGBMRegressor,93,26.577787091699474,0.12782922462341204,2.6028393999964465,0.135217840000405,0.0014182799990521745,1000,12,0.03925850883719438,0.9541073797549637,,,,,,,111.0,0.7165410441203132,58.0,7.918215333389089e-06,0.0018949253009345125,0.017618917504704883,,,
tuning_lightgbm,LGBMRegressor,94,26.611762374474928,0.12806689558170542,3.175173980000545,0.1639016000000993,0.001356699998723343,1000,12,0.03914860363716008,0.7718082457688045,,,,,,,162.0,0.7200318395508646,41.0,8.417890817284934e-06,0.014595561843091884,0.0035458069832549808,,,
tuning_lightgbm,LGBMRegressor,95,26.608177341514658,0.1277549562698418,2.433492500000284,0.12255517999874428,0.0014077400002861396,900,12,0.03191863783201295,0.6027383670433811,,,,,,,115.0,0.7153538230480881,59.0,7.22966421604246e-06,0.0017960194983558239,0.012928821994483801,,,
tuning_lightgbm,LGBMRegressor,96,26.631079646977533,0.12784570606210313,2.3998525399976645,0.12321921999682672,0.0013544400018872694,900,12,0.032751099606950766,0.7162042628051994,,,,,,,114.0,0.7145059881131859,61.0,4.6884359713728267e-05,0.00671894779044678,0.048061875385564015,,,
tuning_lightgbm,LGBMRegressor,97,26.664596872455526,0.12802225439643067,1.9364129599998705,0.09318749999220018,0.0014663199981441721,700,11,0.035672292327943236,0.7598269214613417,,,,,,,127.0,0.7724220941629535,54.0,6.076961056909537e-07,0.024491695681299712,0.022001920008892985,,,
tuning_lightgbm,LGBMRegressor,98,26.59980233254722,0.12792699036044505,2.361572660005186,0.12411781999981031,0.0012781999976141378,900,12,0.04567620895231111,0.6256652872943926,,,,,,,116.0,0.723578591575015,59.0,8.98818760496154e-06,0.0020216112766707913,0.0151908067397064,,,
tuning_lightgbm,LGBMRegressor,99,26.596230438830798,0.12780413107532654,2.3152880399982676,0.11975885999854655,0.001443079998716712,900,12,0.045380659449524526,0.6031606298651097,,,,,,,110.0,0.728625798577349,58.0,1.288859977117702e-05,0.0004061556064684296,0.013092680297614423,,,
tuning_xgboost,XGBRegressor,0,28.10820426940918,0.140823695063591,5.196141920000082,0.024660679997759873,0.001255179996951483,400,12,0.1205712628744377,0.8394633936788146,,,,,,,,0.6624074561769746,,,0.0006440507553993703,0.004619347374377372,0.662397808134481,1.0,0.08499808989182997
tuning_xgboost,XGBRegressor,1,28.157576751708984,0.1392132192850113,1.3731031400035136,0.01099928000185173,0.0011358399991877378,100,12,0.16967533607196555,0.6849356442713105,,,,,,,,0.6727299868828402,,,2.85469785779718e-05,2.1371407316372935e-06,0.6733618039413735,4.0,0.00015777981883364995
tuning_xgboost,XGBRegressor,2,27.647508239746095,0.13232601583003997,4.103050759999315,0.012986260003526696,0.001162479998311028,700,4,0.027010527749605478,0.7465447373174767,,,,,,,,0.7824279936868144,,,0.0005486767416600901,2.3528990899815284e-08,0.9140703845572055,2.0,0.00012997969313168238
tuning_xgboost,XGBRegressor,3,28.440301132202148,0.1366399645805359,4.07039224000182,0.012854060000972823,0.0011895000003278255,700,4,0.012476394272569451,0.9795542149013333,,,,,,,,0.9862528132298237,,,0.0029775853025212607,3.320625892007924e-05,0.9233589392465844,4.0,6.044730070370796e-08
tuning_xgboost,XGBRegressor,4,30.35327606201172,0.16074515879154205,1.1467876399983652,0.011217940002097748,0.0011209600022993981,200,7,0.011240768803005551,0.9637281608315128,,,,,,,,0.7035119926400067,,,0.00023641892308789696,3.0118659882617117e-07,0.8650089137415928,4.0,0.00014472520367197597
tuning_xgboost,XGBRegressor,5,28.536413192749023,0.14272085726261138,11.575187479995657,0.03936474000220187,0.0012013600033242255,1000,10,0.24420460844911424,0.9579309401710595,,,,,,,,0.8391599915244341,,,2.300479202014574e-08,4.005370050283172e-06,0.9687496940092467,1.0,3.697114486625506e-07
tuning_xgboost,XGBRegressor,6,27.065356063842774,0.13021458685398102,2.7774656599969605,0.01156972000026144,0.0011993999971309677,400,5,0.16755052359850303,0.7427013306774357,,,,,,,,0.7123738038749523,,,3.9482545946332394e-08,0.7854083114461319,0.8170784332632994,2.0,0.026156272064707428
tuning_xgboost,XGBRegressor,7,28.54562454223633,0.13726201355457307,4.813821819997974,0.014188239999930375,0.001201720000244677,800,4,0.010189592979395137,0.9261845713819337,,,,,,,,0.8827429375390468,,,7.374385355858303e-06,8.451863533931625e-08,0.8916028672163949,8.0,3.911625006683821e-08
tuning_xgboost,XGBRegressor,8,26.745390701293946,0.12925294637680054,6.979291620003641,0.032933099992806095,0.0012436400022124872,900,9,0.030816017044468066,0.6254233401144095,,,,,,,,0.7243929286862649,,,0.12522814303053625,5.994036749692399e-05,0.7300733288106989,8.0,0.0012602588933700108
tuning_xgboost,XGBRegressor,9,27.294719696044922,0.13341557681560517,2.0408029200014424,0.014350400000694208,0.0011239999963436275,200,10,0.13297554090738672,0.8245108790277985,,,,,,,,0.9083868719818244,,,1.5971768764426203e-08,7.296782748701773e-08,0.7975182385457563,6.0,2.632256136809142e-05
tuning_xgboost,XGBRegressor,10,26.795957183837892,0.12925596237182618,6.785651340000913,0.03007189999916591,0.0013455199979944155,1000,8,0.054282458858367286,0.6071847502459278,,,,,,,,0.6097788168401317,,,0.5732200515778045,0.0014115682878787534,0.7375470176452059,10.0,0.0033097748629799424
tuning_xgboost,XGBRegressor,11,26.77111473083496,0.12915496826171874,6.893788320000749,0.029579939998802728,0.0013307200017152355,1000,8,0.05014751765283679,0.6115244120681564,,,,,,,,0.607957322179529,,,0.518318514827796,0.0014684241744814565,0.7273145000499233,10.0,0.003522507131483079
tuning_xgboost,XGBRegressor,12,26.740332412719727,0.12863481044769287,6.021211300001596,0.028309379998245277,0.0012396999984048307,900,8,0.042889433298073515,0.6181421188841613,,,,,,,,0.6070399622849484,,,0.8309264203592682,0.0019357345531006319,0.6134343539737889,10.0,0.9292493243152655
tuning_xgboost,XGBRegressor,13,26.999919509887697,0.1292240262031555,4.819529559998773,0.020761700003640728,0.0012133999989600852,800,6,0.027678112761087944,0.6664815525033851,,,,,,,,0.7603823878728176,,,0.029142598670865313,0.10887079990349831,0.6092421784618443,8.0,0.5280846799415921
tuning_xgboost,XGBRegressor,14,26.77790946960449,0.1296297311782837,7.029777700002887,0.034455760000855665,0.0011904600018169732,800,10,0.031327573236933665,0.6759053192045271,,,,,,,,0.7283400714479269,,,0.030031494098404787,0.00013652706998290963,0.6067270212239619,8.0,5.412528144292085e-06
tuning_xgboost,XGBRegressor,15,26.948442459106445,0.13058369159698485,4.998617440002272,0.02330897999636363,0.0012173800001619383,600,9,0.07989147446164202,0.7244630002432109,,,,,,,,0.6421611240485572,,,0.04142169091579992,0.025780453664116652,0.7156374383409523,9.0,0.6873405996393342
tuning_xgboost,XGBRegressor,16,26.759669876098634,0.12856905460357665,6.1000988400017375,0.02491589999408461,0.0012166199972853064,900,7,0.037287347225107285,0.6391459395227008,,,,,,,,0.8141067605771606,,,0.9833446895254585,0.00011329482031728218,0.7784580168299584,6.0,0.003291511688791588
tuning_xgboost,XGBRegressor,17,26.899045944213867,0.1298081398010254,5.27880055999849,0.02438996000273619,0.0011936799943214282,600,9,0.02005428294764937,0.867116979833637,,,,,,,,0.7507983883065513,,,0.006372997247349836,1.3823640843855356e-05,0.6567630572647979,7.0,0.037826478395020506
tuning_xgboost,XGBRegressor,18,26.811564636230468,0.1300900548696518,9.53592067999998,0.05214699999487493,0.0012561599985929206,900,11,0.019512402878231645,0.7660634475685058,,,,,,,,0.6873064153189612,,,0.12375516609992505,0.000432381402734137,0.6956273907750112,9.0,1.8911030590469135e-06
tuning_xgboost,XGBRegressor,19,26.86900749206543,0.12889483273029329,3.3350066200015136,0.015493980000610464,0.0011803199973655864,500,6,0.07307292810643888,0.7075496061281158,,,,,,,,0.626554905976928,,,1.1354468253695453e-06,0.015915717918378983,0.7636004284281295,10.0,0.0005236234049865392
tuning_xgboost,XGBRegressor,20,26.7825138092041,0.12964730560779572,7.219778039999073,0.033043700002599506,0.0013133999978890642,900,9,0.042695696563784136,0.6364154951201504,,,,,,,,0.8580911384838319,,,0.0031428182002000375,1.1671238655240052e-06,0.6384609989247597,7.0,0.18099671623159222
tuning_xgboost,XGBRegressor,21,26.76144485473633,0.1286692351102829,6.254286720004165,0.02490066000027582,0.0012761999998474494,900,7,0.03754127582885011,0.6456916364445195,,,,,,,,0.786169799770249,,,0.7280271127319421,6.372741999970825e-05,0.8056023671887675,5.0,0.0034147504626745526
tuning_xgboost,XGBRegressor,22,26.907169342041016,0.1294016569852829,4.9960266199981564,0.02409048000117764,0.0012071399978594854,700,8,0.01919217432782194,0.6017170167721922,,,,,,,,0.8285369808738579,,,0.13920416422066353,0.0005268964122063288,0.765100403461858,6.0,0.01205350435617083
tuning_xgboost,XGBRegressor,23,26.785083389282228,0.1287621706724167,5.692364859997179,0.021577119998983107,0.0012069399963365868,900,6,0.07160511582635944,0.6513139240909225,,,,,,,,0.9291965240042199,,,0.12512929956640986,0.0002164266505402337,0.8456218954525345,9.0,0.0007012521419923975
tuning_xgboost,XGBRegressor,24,26.771221542358397,0.12864166498184204,5.6345233999978515,0.023642799994559028,0.0013089399988530203,800,7,0.03782658421899489,0.7080137817054258,,,,,,,,0.8082782087632293,,,0.016299430196671075,8.04028074582917e-06,0.772891476183738,7.0,1.871766362811134e-05
tuning_xgboost,XGBRegressor,25,26.82203140258789,0.12958752512931823,9.133733239999856,0.03822005999973044,0.0012745400046696887,1000,9,0.015314941342708948,0.7774887944241322,,,,,,,,0.7417941941337225,,,0.7246718163575243,2.5728653510914022e-05,0.7071357546138343,5.0,0.0010787443666075156
tuning_xgboost,XGBRegressor,26,28.111199951171876,0.1348645955324173,5.635759179995512,0.0121779199980665,0.0014263000019127503,900,3,0.0245910536192194,0.6375153767588939,,,,,,,,0.7970114522440143,,,0.1264645701895511,0.004358822125009164,0.8396158297716653,9.0,0.01388136102684994
tuning_xgboost,XGBRegressor,27,26.820331573486328,0.12949929535388946,5.215765820001252,0.02436850000231061,0.0012431199982529506,700,8,0.06272764815446975,0.6787316772469679,,,,,,,,0.6524289455453659,,,0.21524398854022467,0.0001153229930935427,0.6875474159455541,8.0,0.15040724301599254
tuning_xgboost,XGBRegressor,28,27.21367988586426,0.1334400475025177,4.938983100000769,0.027605920002679342,0.0012043599999742582,500,11,0.08927943757812101,0.6241736759484664,,,,,,,,0.9646768081772031,,,0.008930545201164793,0.06908854445715097,0.6251637339260614,6.0,0.00778376399544189
tuning_xgboost,XGBRegressor,29,26.816142272949218,0.12963006198406218,6.485104380000848,0.02426759999943897,0.001278759996057488,800,7,0.10408160670291446,0.8771383290432135,,,,,,,,0.6838412790856494,,,0.9479301593567229,0.0013787209453650186,0.7450336333638277,7.0,0.0741862110195073
tuning_xgboost,XGBRegressor,30,26.90494041442871,0.13076308071613313,4.214567379996879,0.022240599998622202,0.0012014599982649089,400,11,0.04964824972097525,0.8008184231590747,,,,,,,,0.8667221719511206,,,0.0021312520668135227,0.010100538031862963,0.6594707952159271,10.0,3.17586934978332e-05
tuning_xgboost,XGBRegressor,31,26.785581207275392,0.12879083156585694,6.1084419199964035,0.026268060004804285,0.0012353999976767228,900,7,0.037271732668194356,0.6424223168700862,,,,,,,,0.7708853641771545,,,0.3584127546692261,6.875457365300566e-05,0.7954280407734813,5.0,0.00352258971370309
tuning_xgboost,XGBRegressor,32,26.830860900878907,0.12861378192901612,5.844518980002613,0.021154180000303315,0.0012029199977405369,900,6,0.03447926923551395,0.6961061372057972,,,,,,,,0.8224906369999021,,,0.058734762942550374,3.3391667771015776e-05,0.8313050380466062,5.0,0.00046889502445894836
tuning_xgboost,XGBRegressor,33,26.909122467041016,0.1288384109735489,6.2698266000021246,0.019108399999095128,0.001211959999636747,1000,5,0.04257576887683993,0.6658724571457146,,,,,,,,0.7910376066911042,,,0.854203036438362,0.0006116547990712811,0.7959200198876921,3.0,0.0013540979851926539
tuning_xgboost,XGBRegressor,34,26.83473129272461,0.12905457019805908,5.171888439997565,0.02365046000049915,0.0013112600019667298,700,8,0.02544242795374586,0.64833391533199,,,,,,,,0.7286170913757295,,,2.263711822588554e-05,1.8152286868938034e-06,0.8671020738458849,6.0,1.0246057083046127e-08
tuning_xgboost,XGBRegressor,35,26.846897506713866,0.12903831601142884,5.437847219998366,0.024197579998872242,0.001230899992515333,800,7,0.030622969140856708,0.630728282373235,,,,,,,,0.7818479351911694,,,0.2574870430444946,6.443294383621701e-05,0.7762402141020307,3.0,0.00021174260994715675
tuning_xgboost,XGBRegressor,36,27.179953384399415,0.1299419015645981,5.127910480002174,0.017450819996884092,0.0011728000012226404,900,5,0.022682123703459612,0.6011182804984047,,,,,,,,0.8469254447244537,,,0.0005495325767610838,0.003960258070245954,0.7487161198134591,4.0,0.3041565598820195
tuning_xgboost,XGBRegressor,37,26.83310775756836,0.12993716895580293,8.630576000001748,0.03770448000286706,0.0013022400002228097,1000,9,0.01574100605494758,0.7316429252312928,,,,,,,,0.6670789493796566,,,0.00010449754625641124,1.0661442441026324e-05,0.9466434023029535,4.0,0.06632280107993269
tuning_xgboost,XGBRegressor,38,28.112650299072264,0.13641051352024078,0.7103883400006452,0.008726499998010695,0.0011507199989864603,100,7,0.0434396068247935,0.6607353177979772,,,,,,,,0.7097605998266167,,,0.06867483494806371,8.118043821240745e-07,0.8150514354823196,5.0,5.157029740941418e-05
tuning_xgboost,XGBRegressor,39,27.096366119384765,0.1329830914735794,7.000815979999606,0.031702260003658014,0.0012141600018367171,700,10,0.06537414677883344,0.6913293474200842,,,,,,,,0.891885056085145,,,1.5997062571142344e-07,0.00017801149667898017,0.8866743432540275,3.0,0.0001882373539755143
tuning_xgboost,XGBRegressor,40,27.030725479125977,0.1319543480873108,6.882814459997462,0.03861306000326294,0.00123924000072293,600,12,0.05902333715605382,0.6241778777393661,,,,,,,,0.8130153018566875,,,0.2713318213141031,3.450787298428323e-05,0.6728311810611723,8.0,0.002038114264868329
tuning_xgboost,XGBRegressor,41,26.710336685180664,0.12884515523910522,7.14721564000065,0.03167809999722522,0.0012279999966267497,1000,8,0.0494264284293405,0.6142185531627744,,,,,,,,0.6006719534916355,,,0.9914236640889877,0.0013338082115472182,0.7225883850802113,10.0,0.006656379184759534
tuning_xgboost,XGBRegressor,42,26.717465591430663,0.128874334692955,7.171615480000037,0.03049516000028234,0.0012593400024343282,1000,8,0.04772989676318997,0.6238835664624057,,,,,,,,0.6049076164370325,,,0.9372495404603836,0.0019006786872093867,0.7229838369465904,9.0,0.005796343795827033
tuning_xgboost,XGBRegressor,43,26.756847763061522,0.12919868528842926,7.282024919998366,0.03197028000140563,0.0012741599988657982,1000,8,0.048420447306323756,0.6192049811971279,,,,,,,,0.601768633444997,,,0.339437140966345,0.0019088046621957015,0.9992062925899449,9.0,0.0252676157357562
tuning_xgboost,XGBRegressor,44,27.004780197143553,0.13109611570835114,7.2319677399995275,0.03126254000235349,0.0012807199993403629,1000,8,0.09066304087543126,0.6185642728280214,,,,,,,,0.6019002333300892,,,0.015543434163341904,0.0018286006010579925,0.9996765605214653,10.0,0.027770026780981505
tuning_xgboost,XGBRegressor,45,26.79073715209961,0.12965180575847626,7.781921919996966,0.03658964000060223,0.0012140000006183981,1000,9,0.050358082814244184,0.6007203531925107,,,,,,,,0.6339449773802391,,,0.33931192287611067,0.007349903309253037,0.729725299560368,9.0,0.009280751446172495
tuning_xgboost,XGBRegressor,46,28.313354110717775,0.14024457335472107,7.139222219999647,0.03144740000425372,0.0013042199978372082,1000,8,0.2744567764767404,0.6224859237549535,,,,,,,,0.6176351484063429,,,0.05907792380965485,0.3896843062962939,0.6456837944783226,10.0,0.8854616000413233
tuning_xgboost,XGBRegressor,47,26.843818283081056,0.1305083751678467,8.902756000001682,0.04404160000267439,0.0012984199973288923,1000,10,0.05492720371975183,0.6665902649408052,,,,,,,,0.6525907844046693,,,0.3353888310755679,0.0033560762146327638,0.713720587397849,9.0,0.032189022723658534
tuning_xgboost,XGBRegressor,48,27.052727890014648,0.1303524762392044,2.6042026000010083,0.015968780004186556,0.0012205800041556359,300,9,0.031050383465273407,0.6870931767900978,,,,,,,,0.6280485788846593,,,0.07773137894899138,0.050438969291016,0.6834710917346813,8.0,0.15219442234260291
tuning_xgboost,XGBRegressor,49,27.11812553405762,0.1321838080883026,6.14876228000503,0.027770779994898475,0.0012522800010629,800,8,0.1343998217037891,0.7128054586505238,,,,,,,,0.602482346105106,,,0.019126387340048803,0.00037757509993126487,0.9179707006207019,9.0,0.008231618876273961
tuning_xgboost,XGBRegressor,50,26.744770050048828,0.12932186126708983,7.925294460004079,0.03636220000335015,0.001201720000244677,1000,9,0.045399759543290175,0.6560560143905557,,,,,,,,0.6883938585277528,,,0.0021761118044784787,0.0009877780145499848,0.6208363531620394,10.0,0.0003012689524570847
tuning_xgboost,XGBRegressor,51,26.755081558227538,0.1295480579137802,9.64397962000221,0.035710520000429825,0.0013131000014254823,1000,9,0.045327187828687054,0.9976391626618667,,,,,,,,0.6890072592664148,,,0.00022867242217510414,0.0007756655368273161,0.6243107898008867,10.0,0.0005620326610901216
tuning_xgboost,XGBRegressor,52,26.809617614746095,0.13002140820026398,9.023477800004184,0.039801299999817276,0.0012937799998326226,900,10,0.028369375712832184,0.9955153022026433,,,,,,,,0.6880556048464637,,,0.00010940689972666001,0.0009987285460338064,0.6251801118843365,10.0,0.00029427437625541644
tuning_xgboost,XGBRegressor,53,26.729951095581054,0.1293276935815811,9.360309760004748,0.03657474000065122,0.001240120004513301,1000,9,0.04314344790199258,0.9241420158802455,,,,,,,,0.6509385451953711,,,0.0011407481852470987,0.0003617671625443816,0.6034179099690228,10.0,7.164787901660851e-05
tuning_xgboost,XGBRegressor,54,26.753084182739258,0.12921859920024872,8.129383739997866,0.03291066000238061,0.0013000000006286427,900,9,0.03376830735419867,0.9246164889083146,,,,,,,,0.6460587010747846,,,0.001119347705069862,0.0002599992477958885,0.6020091251809391,10.0,6.931216978453818e-05
tuning_xgboost,XGBRegressor,55,26.80927963256836,0.13026460409164428,9.417457460000879,0.0430219199944986,0.0013444399985019118,1000,10,0.05582669732123782,0.8449025163329532,,,,,,,,0.6654437811702358,,,0.0013483002766442765,0.02269551511634731,0.6427738748195027,10.0,1.3999630741887096e-05
tuning_xgboost,XGBRegressor,56,26.776639938354492,0.12984734475612641,8.422075519998907,0.03270877999602817,0.0013072799978544936,900,9,0.07066430090490151,0.9280414889971179,,,,,,,,0.6226772981134743,,,0.004344742234426546,1.243158166134798e-08,0.6688950387499618,9.0,5.568783556841987e-06
tuning_xgboost,XGBRegressor,57,26.779094314575197,0.1290835201740265,7.262320599996019,0.031252959996345454,0.0012899999972432851,1000,8,0.041104171771295,0.6583313860778378,,,,,,,,0.6387176303292469,,,2.506175749932163e-05,0.00882691874135575,0.6147120050928849,8.0,9.351163129712683e-05
tuning_xgboost,XGBRegressor,58,27.51406898498535,0.13554028868675233,7.093786839998211,0.029545840001082978,0.0012223800003994256,800,9,0.20761042963228965,0.8818728688760195,,,,,,,,0.6171516012514404,,,1.5553849276258502e-06,0.002290293426811763,0.6992810491573818,9.0,0.0018104911123917311
tuning_xgboost,XGBRegressor,59,26.765645599365236,0.12960373759269714,8.14007243999804,0.039714579997234975,0.0012562799995066598,900,10,0.03493862403074122,0.75496096787903,,,,,,,,0.6763532278800559,,,0.007430182546239475,0.00035465479006066574,0.6508757820397737,10.0,8.620342892744049e-06
tuning_xgboost,XGBRegressor,60,26.834986877441406,0.12993312180042266,9.452484099997672,0.03018355999956839,0.0012643800000660121,1000,8,0.08492851733187412,0.9653217743850167,,,,,,,,0.6975584274063672,,,0.00022028356089752088,0.0008825122468904186,0.6370150444191707,10.0,9.906864083675794e-07
tuning_xgboost,XGBRegressor,61,26.755120849609376,0.12930051386356353,8.18233545999974,0.031913580000400545,0.0012413799995556474,900,9,0.033527940281249766,0.9297809267956479,,,,,,,,0.6487711859839955,,,0.0010321531111006207,0.0001773590724925848,0.6044459586119866,10.0,7.665148928564479e-05
tuning_xgboost,XGBRegressor,62,26.764986038208008,0.12986635267734528,8.69822197999747,0.038511979999020694,0.001267359996563755,900,10,0.03999939752569384,0.9032342188907787,,,,,,,,0.6562734773601566,,,0.0010074395400592809,0.0002685225087435397,0.6072353355730479,10.0,6.266828093832355e-05
tuning_xgboost,XGBRegressor,63,26.757993316650392,0.12916035950183868,9.268799000003492,0.03565338000189513,0.0013125000026775525,1000,9,0.02294996770209739,0.9458864159587547,,,,,,,,0.6376640154204288,,,0.0004632555097638359,0.0005904203586798974,0.6211803621938113,9.0,2.9192863472626084e-05
tuning_xgboost,XGBRegressor,64,26.740472412109376,0.12875429391860962,7.593332460001693,0.0284618399979081,0.0012710600043646992,900,8,0.029320228092315315,0.9063710029429806,,,,,,,,0.6145423853656496,,,0.0022257485078575247,0.0027738141702430053,0.6365845841536579,9.0,0.0009022026453487918
tuning_xgboost,XGBRegressor,65,26.75080795288086,0.1285778611898422,7.10480177999707,0.030392539998865688,0.0013168199977371842,1000,8,0.027721974623953635,0.6134404973330367,,,,,,,,0.6132738048200401,,,0.028363647080181482,0.0030574786379558446,0.6363704260563866,8.0,0.00033246565806560775
tuning_xgboost,XGBRegressor,66,26.756814575195314,0.1287235975265503,7.241455240000505,0.025760760001139714,0.001279060001252219,900,7,0.05027729924046339,0.9034244771779526,,,,,,,,0.7262703185415119,,,0.0028603626866248485,0.0064076834297077,0.6807807195474685,9.0,0.0008500103497667488
tuning_xgboost,XGBRegressor,67,26.74220390319824,0.12887734174728394,6.5037350400001745,0.025684999997611157,0.0014753000024938956,800,8,0.04674978567755155,0.8484148490529324,,,,,,,,0.6260223702349266,,,0.15512262309353417,0.015532517373634437,0.7012223745556642,9.0,0.004222972248782767
tuning_xgboost,XGBRegressor,68,26.756233596801756,0.129399773478508,6.477212699997471,0.026480000000447035,0.0013266800058772787,800,8,0.06172402221104478,0.8400275332282511,,,,,,,,0.6271020494003593,,,0.16695302602017223,0.016172602165060723,0.6669628710207204,9.0,0.003983679837358457
tuning_xgboost,XGBRegressor,69,26.705828857421874,0.128309029340744,7.341324980001081,0.02892768000019714,0.0012851000035880133,1000,7,0.04747719349988039,0.812571914144176,,,,,,,,0.6147279208815489,,,0.5637110531745043,0.157092029860559,0.6561254867832684,10.0,0.01740952287128783
tuning_xgboost,XGBRegressor,70,26.880896759033202,0.1292926549911499,5.795473640004639,0.021076019998872653,0.0012630200013518333,800,6,0.05550082021846314,0.8116143851743849,,,,,,,,0.6125507564255577,,,0.5123798750942488,0.08710605318235552,0.697206494496121,1.0,0.006627228297784781
tuning_xgboost,XGBRegressor,71,26.727655792236327,0.1284965008497238,7.607075920002535,0.026339960005134343,0.0013615200034109876,1000,7,0.047355590316339485,0.8538871270301641,,,,,,,,0.6340626759956379,,,0.507359736616103,0.37041034803456513,0.6552565382540525,10.0,0.017513626863074446
tuning_xgboost,XGBRegressor,72,26.723170471191406,0.12842095792293548,7.6090264600003135,0.028070860003936104,0.0012720600032480433,1000,7,0.03837461874595877,0.8516185340704541,,,,,,,,0.6293743696294339,,,0.5939869126748134,0.21193353231606774,0.7531944694638597,10.0,0.01703357314151806
tuning_xgboost,XGBRegressor,73,26.699869918823243,0.12826680541038513,7.473439979995601,0.026427839999087155,0.001246040005935356,1000,7,0.0376994365471284,0.8208568022832341,,,,,,,,0.6399587420718678,,,0.6720083835044534,0.3470436928079188,0.7523891098464883,10.0,0.052220538579798484
tuning_xgboost,XGBRegressor,74,26.78633041381836,0.12841033637523652,6.855074959999183,0.02223311999987345,0.001222780003445223,1000,6,0.03869615219827348,0.7802579446403587,,,,,,,,0.6638075928955196,,,0.5444638886249183,0.2573054748825667,0.7544512400627326,10.0,0.01488020619187807
tuning_xgboost,XGBRegressor,75,26.720209503173827,0.12882516980171205,7.6387739599973425,0.026692460000049323,0.001305600002524443,1000,7,0.07078636833089443,0.819679815872698,,,,,,,,0.6369471460587746,,,0.9785711489878754,0.8987461767725369,0.7169891914824233,10.0,0.049189755184879516
tuning_xgboost,XGBRegressor,76,26.728744125366212,0.128875270485878,7.614681919998839,0.026721220000763424,0.001245720000588335,1000,7,0.07074522886984595,0.8250226717481528,,,,,,,,0.6741781862235436,,,0.9700283639952839,0.941858958910095,0.722418830288232,10.0,0.04833270792854291
tuning_xgboost,XGBRegressor,77,26.749840927124023,0.1290072590112686,7.591484340000898,0.02794616000028327,0.0012346799980150537,1000,7,0.07644394201495883,0.8216236297887942,,,,,,,,0.6393081247497009,,,0.9361935457315195,0.8164588728585485,0.7177046939671468,10.0,0.0531896461627169
tuning_xgboost,XGBRegressor,78,26.777017211914064,0.12874862551689148,7.489871660002973,0.022884820000035687,0.0012293800013139845,1000,6,0.06764776368587824,0.8589952929844631,,,,,,,,0.6320640174875396,,,0.4770045811425462,0.20383018058388813,0.7395664652761297,10.0,0.018668637786992032
tuning_xgboost,XGBRegressor,79,26.815226364135743,0.12973934412002563,7.71559918000421,0.02593244000454433,0.0012601599999470636,1000,7,0.10181325343057371,0.8281400982627802,,,,,,,,0.6722226996227483,,,0.0948189031160194,0.4559191828016746,0.7629188648219088,10.0,0.26295719504518106
tuning_xgboost,XGBRegressor,80,26.733991622924805,0.12872025966644288,7.4026776999991855,0.027869940001983194,0.0012241599994013085,1000,7,0.0606528283978662,0.7961336556511143,,,,,,,,0.6601087288420214,,,0.5795030964752104,0.13271555696617568,0.7261525807590504,10.0,0.08655913059744785
tuning_xgboost,XGBRegressor,81,26.732543182373046,0.1287203311920166,7.570969859999605,0.027678099993499926,0.0012938200030475854,1000,7,0.05480086678889687,0.8298368288409277,,,,,,,,0.6482216190706748,,,0.20910018244312506,0.9777233586142261,0.7209796524591312,10.0,0.10113260944601389
tuning_xgboost,XGBRegressor,82,26.76959228515625,0.1285852313041687,7.072220860002562,0.02292509999824688,0.00118588000186719,1000,6,0.0668602605417585,0.7968239680539613,,,,,,,,0.6006834843890918,,,0.47737080872211957,0.5019137284459976,0.733268360190519,10.0,0.019537279568176347
tuning_xgboost,XGBRegressor,83,26.833727645874024,0.12951559126377105,7.50320817999891,0.02654041999485344,0.0012196400028187781,1000,7,0.07856697927112063,0.8090496145298062,,,,,,,,0.6770529196344967,,,0.20638533366274797,0.041989360985631045,0.70942680424826,10.0,0.04094428224289193
tuning_xgboost,XGBRegressor,84,26.773639297485353,0.12843370139598848,7.457819460006431,0.022957600007066502,0.001194180001039058,1000,6,0.04898408725088363,0.8623298395054917,,,,,,,,0.6208402643506035,,,0.7036400757281677,0.16557455332596316,0.790251099301076,9.0,0.050957874890916535
tuning_xgboost,XGBRegressor,85,26.723965454101563,0.12853895127773285,7.0732069800025785,0.026333500008331612,0.001293900003656745,900,7,0.0411435332261608,0.8885483045686543,,,,,,,,0.6342833013109844,,,0.9974867339888538,0.30185670174246987,0.7570028208368308,10.0,0.10998197201164946
tuning_xgboost,XGBRegressor,86,26.789047622680663,0.12936486005783082,7.293457000004127,0.024918300006538628,0.0012867199955508112,900,7,0.09823743953034789,0.882799791866558,,,,,,,,0.6337931266532773,,,0.9439740467350977,0.3494261348371041,0.7550758323226544,9.0,0.20019340167240646
tuning_xgboost,XGBRegressor,87,26.76964416503906,0.12869976758956908,6.8187506000103895,0.026097240002127365,0.0011992600047960877,900,7,0.036746325338170654,0.8507471085997853,,,,,,,,0.6112022878750916,,,0.37532861326730105,0.6516992050357354,0.7835949424283406,10.0,0.11482263933027352
tuning_xgboost,XGBRegressor,88,26.759425735473634,0.12850452661514283,7.1621023199928455,0.022621380002237856,0.00123954001464881,1000,6,0.051503444053278426,0.8184050664561682,,,,,,,,0.641554873038192,,,0.28329036908309163,0.3022835533314037,0.7414927924638205,10.0,0.011928997288228547
tuning_xgboost,XGBRegressor,89,26.727377319335936,0.1286073923110962,7.119734679994872,0.025364620005711914,0.0011916599993128329,900,7,0.059132061562760116,0.8679640684373587,,,,,,,,0.6251363518296225,,,0.043169952025820385,0.08387893781556438,0.7675063096620851,9.0,0.5607117871024478
tuning_xgboost,XGBRegressor,90,26.747980499267577,0.12877711057662963,7.049752040003659,0.024864280002657325,0.001216379995457828,900,7,0.05801766540951134,0.8687911116701553,,,,,,,,0.6075501364749848,,,0.04212882476993596,0.05963233265870828,0.7677347390571305,9.0,0.38296100421297874
tuning_xgboost,XGBRegressor,91,26.757305145263672,0.12855621576309204,7.2121435799926985,0.026772679993882775,0.0012096400081645698,1000,7,0.04074738490973365,0.783344830831461,,,,,,,,0.6248562579368118,,,0.09459534076512649,0.10727970757294804,0.7549586998696662,10.0,0.449650354637731
tuning_xgboost,XGBRegressor,92,26.70704231262207,0.12837998569011688,7.625953319994733,0.027096359990537167,0.0012557199923321604,1000,7,0.045956513800778025,0.8322225466768085,,,,,,,,0.657478851090293,,,0.640327339295065,0.2036125379612218,0.80571712075514,10.0,0.005232944936919864
tuning_xgboost,XGBRegressor,93,26.808039474487305,0.12854355573654175,6.5430020800034985,0.02206394000095315,0.0012035599909722805,900,6,0.04620173667890545,0.8391759308841525,,,,,,,,0.6191652511467902,,,0.42249074361177424,0.19005103059292286,0.8146580558699297,9.0,0.005084716715443067
tuning_xgboost,XGBRegressor,94,26.90216522216797,0.12915705144405365,3.181534659996396,0.015705179987708106,0.0012550599989481271,400,7,0.05215179648523407,0.8908150484546906,,,,,,,,0.6423702148046191,,,0.23556575210833103,0.034647421906886716,0.7820259235255401,10.0,0.002181825645250767
tuning_xgboost,XGBRegressor,95,26.748843002319337,0.12848771810531617,6.845242960005999,0.024671999999554828,0.001238480006577447,900,7,0.03633224292046139,0.854848448934923,,,,,,,,0.6308369494106191,,,0.6743422699451158,0.08792646369942389,0.8033790029151072,9.0,0.024118791348976636
tuning_xgboost,XGBRegressor,96,26.923526763916016,0.12890369296073914,7.061364579992369,0.019254879996879026,0.00119092000531964,1000,5,0.04278828986067741,0.8321518339706226,,,,,,,,0.6012855190041542,,,0.13655320306629704,0.5709424345550603,0.7708709783522231,10.0,0.5739285564696771
tuning_xgboost,XGBRegressor,97,26.75275077819824,0.12888833582401277,7.367594819993246,0.029762879986083134,0.0012708599970210344,900,8,0.03289713882100168,0.8757549842111013,,,,,,,,0.6577149573578374,,,0.6077996413336383,0.24399810388541135,0.6880109538653136,7.0,0.010022616401740006
tuning_xgboost,XGBRegressor,98,26.73360481262207,0.12856391966342925,7.494799660000718,0.026298899995163084,0.0012708799913525581,1000,7,0.045883668764999545,0.8093259560122484,,,,,,,,0.6105043448538882,,,0.2851053408104818,0.12605863603856363,0.8299654180205877,9.0,0.005801790007230792
tuning_xgboost,XGBRegressor,99,26.80096778869629,0.12844133675098418,7.191991379996762,0.0225223200104665,0.0011866999964695423,1000,6,0.04002062152079726,0.8380350655288654,,,,,,,,0.6205332065879694,,,0.04772470666855226,0.3502383499814519,0.746175987349275,10.0,0.034814317271936276
